t,src,dst,tx,rxOk,per,dist_m,v_src,v_dst,rssi_dbm,snr_db,phyN,cbr_tx,cbr_rx,cbr_global
11,veh1,veh0,10,3,0.7,581.268,0,0.308475,-81.5534,15.4229,3,0.066,0.037,0.0515
11,veh0,veh1,10,5,0.5,581.268,0.308475,0,-75.9481,10.4705,5,0.037,0.066,0.0515
12,veh1,veh0,10,5,0.5,580.264,1.8917,0.0401477,-76.4434,20.5329,5,0.066,0.037,0.0515
12,veh0,veh1,10,7,0.3,580.264,0.0401477,1.8917,-78.0742,9.0958,7,0.037,0.066,0.0515
13,veh1,veh0,10,6,0.4,578.034,4.2318,0.00171912,-76.4796,20.4967,6,0.06,0.037,0.0485
13,veh0,veh1,10,5,0.5,578.034,0.00171912,4.2318,-77.868,11.7474,5,0.037,0.06,0.0485
14,veh1,veh0,10,3,0.7,575.139,5.55737,0,-74.8354,22.1409,3,0.067,0.031,0.049
14,veh0,veh1,10,5,0.5,575.139,0,5.55737,-76.542,8.85942,5,0.031,0.067,0.049
15,veh1,veh0,10,9,0.1,571.748,6.60702,0,-78.7924,18.1839,9,0.07,0.036,0.053
15,veh0,veh1,10,4,0.6,571.748,0,6.60702,-77.064,10.8706,4,0.036,0.07,0.053
16,veh1,veh0,10,5,0.5,567.865,7.705,0,-79.5941,17.3822,5,0.058,0.031,0.0445
16,veh0,veh1,10,3,0.7,567.865,0,7.705,-75.8043,13.5815,3,0.031,0.058,0.0445
17,veh1,veh0,10,4,0.6,564.036,7.75671,0,-76.0844,20.8919,4,0.071,0.049,0.06
17,veh0,veh1,10,4,0.6,564.036,0,7.75671,-78.6458,12.1383,4,0.049,0.071,0.06
18,veh1,veh0,10,5,0.5,560.501,7.31163,0,-76.0778,20.8985,5,0.079,0.032,0.0555
18,veh0,veh1,10,4,0.6,560.501,0,7.31163,-76.1982,12.5337,4,0.032,0.079,0.0555
19,veh1,veh0,10,7,0.3,557.979,5.52182,0,-76.5268,20.4494,7,0.067,0.039,0.053
19,veh0,veh1,10,6,0.4,557.979,0,5.52182,-77.7602,9.58048,6,0.039,0.067,0.053
20,veh2,veh1,10,5,0.5,516.629,0,7.10809,-77.6963,19.28,5,0.103,0.069,0.0713333
20,veh2,veh0,10,3,0.7,1026.08,0,0,-80.662,16.3143,3,0.103,0.042,0.0713333
20,veh1,veh2,10,5,0.5,516.629,7.10809,0,-75.5641,21.4122,5,0.069,0.103,0.0713333
20,veh1,veh0,10,6,0.4,557.497,7.10809,0,-76.5779,20.3984,6,0.069,0.042,0.0713333
20,veh0,veh2,10,1,0.9,1026.08,0,0,-79.5742,1.86562,1,0.042,0.103,0.0713333
20,veh0,veh1,10,7,0.3,557.497,0,7.10809,-78.3955,13.1985,7,0.042,0.069,0.0713333
21,veh2,veh1,10,5,0.5,509.371,2.49275,7.22785,-76.9638,20.0125,5,0.117,0.07,0.0746667
21,veh2,veh0,10,4,0.6,1026.59,2.49275,0,-79.7816,17.1947,4,0.117,0.037,0.0746667
21,veh1,veh2,10,2,0.8,509.371,7.22785,2.49275,-75.4696,21.5067,2,0.07,0.117,0.0746667
21,veh1,veh0,10,6,0.4,562.748,7.22785,0,-74.8159,22.1604,6,0.07,0.037,0.0746667
21,veh0,veh2,10,0,1,1026.59,0,2.49275,nan,nan,0,0.037,0.117,0.0746667
21,veh0,veh1,10,4,0.6,562.748,0,7.22785,-75.3598,14.6678,4,0.037,0.07,0.0746667
22,veh2,veh1,10,9,0.1,502.568,2.88943,6.55739,-76.2124,20.7638,9,0.103,0.079,0.072
22,veh2,veh0,10,2,0.8,1027.19,2.88943,0,-76.1772,20.7991,2,0.103,0.034,0.072
22,veh1,veh2,10,4,0.6,502.568,6.55739,2.88943,-75.2309,21.7454,4,0.079,0.103,0.072
22,veh1,veh0,10,4,0.6,568.601,6.55739,0,-76.4043,20.572,4,0.079,0.034,0.072
22,veh0,veh2,10,0,1,1027.19,0,2.88943,nan,nan,0,0.034,0.103,0.072
22,veh0,veh1,10,5,0.5,568.601,0,6.55739,-77.5005,13.9693,5,0.034,0.079,0.072
23,veh2,veh1,10,7,0.3,495.283,0.722336,7.27502,-78.1449,18.8314,7,0.114,0.071,0.0756667
23,veh2,veh0,10,1,0.9,1027.34,0.722336,0,-80.3436,16.6327,1,0.114,0.042,0.0756667
23,veh1,veh2,10,3,0.7,495.283,7.27502,0.722336,-76.0292,20.9471,3,0.071,0.114,0.0756667
23,veh1,veh0,10,6,0.4,575.163,7.27502,0,-78.5566,18.4197,6,0.071,0.042,0.0756667
23,veh0,veh2,10,1,0.9,1027.34,0,0.722336,-80.7605,1.66787,1,0.042,0.114,0.0756667
23,veh0,veh1,10,4,0.6,575.163,0,7.27502,-78.6928,9.75542,4,0.042,0.071,0.0756667
24,veh2,veh1,10,6,0.4,488.563,0.0123268,6.81204,-76.1833,20.793,6,0.113,0.08,0.0766667
24,veh2,veh0,10,0,1,1027.34,0.0123268,0,nan,nan,0,0.113,0.037,0.0766667
24,veh1,veh2,10,5,0.5,488.563,6.81204,0.0123268,-77.6752,19.3011,5,0.08,0.113,0.0766667
24,veh1,veh0,10,6,0.4,581.431,6.81204,0,-76.7749,20.2014,6,0.08,0.037,0.0766667
24,veh0,veh2,10,1,0.9,1027.34,0,0.0123268,-81.285,11.2915,1,0.037,0.113,0.0766667
24,veh0,veh1,10,6,0.4,581.431,0,6.81204,-76.4009,16.4796,6,0.037,0.08,0.0766667
25,veh2,veh1,10,8,0.2,481.587,0.00201702,7.07642,-76.7009,20.2754,8,0.105,0.084,0.0776667
25,veh2,veh0,10,3,0.7,1027.34,0.00201702,0,-77.8263,19.15,3,0.105,0.044,0.0776667
25,veh1,veh2,10,4,0.6,481.587,7.07642,0.00201702,-75.8135,21.1627,4,0.084,0.105,0.0776667
25,veh1,veh0,10,4,0.6,587.955,7.07642,0,-76.9529,20.0234,4,0.084,0.044,0.0776667
25,veh0,veh2,10,0,1,1027.34,0,0.00201702,nan,nan,0,0.044,0.105,0.0776667
25,veh0,veh1,10,8,0.2,587.955,0,7.07642,-77.7067,15.3122,8,0.044,0.084,0.0776667
26,veh2,veh1,10,6,0.4,474.747,0.000117654,6.94142,-76.8541,20.1222,6,0.102,0.074,0.071
26,veh2,veh0,10,5,0.5,1027.34,0.000117654,0,-80.4772,16.4991,5,0.102,0.037,0.071
26,veh1,veh2,10,4,0.6,474.747,6.94142,0.000117654,-76.2121,20.7642,4,0.074,0.102,0.071
26,veh1,veh0,10,4,0.6,594.369,6.94142,0,-78.4851,18.4911,4,0.074,0.037,0.071
26,veh0,veh2,10,1,0.9,1027.34,0,0.000117654,-80.5297,7.633,1,0.037,0.102,0.071
26,veh0,veh1,10,6,0.4,594.369,0,6.94142,-76.6738,15.1789,6,0.037,0.074,0.071
27,veh2,veh1,10,5,0.5,468.455,0,6.60857,-77.9474,19.0289,5,0.104,0.078,0.0726667
27,veh2,veh0,10,3,0.7,1027.34,0,0,-79.5812,17.3951,3,0.104,0.036,0.0726667
27,veh1,veh2,10,4,0.6,468.455,6.60857,0,-75.9206,21.0557,4,0.078,0.104,0.0726667
27,veh1,veh0,10,4,0.6,600.666,6.60857,0,-76.8628,20.1135,4,0.078,0.036,0.0726667
27,veh0,veh2,10,0,1,1027.34,0,0,nan,nan,0,0.036,0.104,0.0726667
27,veh0,veh1,10,5,0.5,600.666,0,6.60857,-76.5745,15.5666,5,0.036,0.078,0.0726667
28,veh2,veh1,10,7,0.3,465.328,0,7.21166,-76.9749,20.0014,7,0.1,0.075,0.0726667
28,veh2,veh0,10,6,0.4,1026.54,0,2.00233,-80.3545,16.6218,6,0.1,0.043,0.0726667
28,veh1,veh2,10,6,0.4,465.328,7.21166,0,-74.3597,22.6166,6,0.075,0.1,0.0726667
28,veh1,veh0,10,8,0.2,606.296,7.21166,2.00233,-77.8363,19.14,8,0.075,0.043,0.0726667
28,veh0,veh2,10,1,0.9,1026.54,2.00233,0,-80.189,16.7873,1,0.043,0.1,0.0726667
28,veh0,veh1,10,3,0.7,606.296,2.00233,7.21166,-74.2556,22.7207,3,0.043,0.075,0.0726667
29,veh3,veh2,10,9,0.1,517.141,0,0,-77.8718,19.1045,9,0.068,0.111,0.079
29,veh3,veh1,10,10,0,51.7812,0,6.21351,-59.8769,37.0993,10,0.068,0.085,0.079
29,veh3,veh0,10,3,0.7,562.662,0,3.88218,-79.593,17.3833,3,0.068,0.052,0.079
29,veh2,veh3,10,5,0.5,517.141,0,0,-78.3102,18.6661,5,0.111,0.068,0.079
29,veh2,veh1,10,6,0.4,465.909,0,6.21351,-77.8086,19.1677,6,0.111,0.085,0.079
29,veh2,veh0,10,5,0.5,1024.82,0,3.88218,-80.7703,16.206,5,0.111,0.052,0.079
29,veh1,veh3,10,10,0,51.7812,6.21351,0,-59.385,37.5913,10,0.085,0.068,0.079
29,veh1,veh2,10,6,0.4,465.909,6.21351,0,-77.0584,19.9179,6,0.085,0.111,0.079
29,veh1,veh0,10,5,0.5,608.535,6.21351,3.88218,-77.2642,19.7121,5,0.085,0.052,0.079
29,veh0,veh3,10,4,0.6,562.662,3.88218,0,-76.6219,15.2868,4,0.052,0.068,0.079
29,veh0,veh2,10,1,0.9,1024.82,3.88218,0,-80.7174,2.88808,1,0.052,0.111,0.079
29,veh0,veh1,10,4,0.6,608.535,3.88218,6.21351,-78.6726,12.4522,4,0.052,0.085,0.079
30,veh3,veh2,10,5,0.5,517.342,1.48435,0,-77.0151,19.9612,5,0.085,0.108,0.079
30,veh3,veh1,10,10,0,52.1812,1.48435,7.68178,-59.7739,37.2024,10,0.085,0.078,0.079
30,veh3,veh0,10,6,0.4,562.543,1.48435,5.82347,-76.9749,20.0014,6,0.085,0.045,0.079
30,veh2,veh3,10,5,0.5,517.342,0,1.48435,-77.1942,19.7821,5,0.108,0.085,0.079
30,veh2,veh1,10,7,0.3,467.111,0,7.68178,-75.2838,21.6925,7,0.108,0.078,0.079
30,veh2,veh0,10,2,0.8,1022.25,0,5.82347,-81.8662,15.1101,2,0.108,0.045,0.079
30,veh1,veh3,10,8,0.2,52.1812,7.68178,1.48435,-59.013,37.9633,8,0.078,0.085,0.079
30,veh1,veh2,10,5,0.5,467.111,7.68178,0,-76.8224,20.1539,5,0.078,0.108,0.079
30,veh1,veh0,10,4,0.6,611.004,7.68178,5.82347,-77.5057,19.4706,4,0.078,0.045,0.079
30,veh0,veh3,10,3,0.7,562.543,5.82347,1.48435,-76.3826,17.7418,3,0.045,0.085,0.079
30,veh0,veh2,10,3,0.7,1022.25,5.82347,0,-78.0375,18.9388,3,0.045,0.108,0.079
30,veh0,veh1,10,4,0.6,611.004,5.82347,7.68178,-78.2287,8.40052,4,0.045,0.078,0.079
31,veh3,veh2,10,5,0.5,517.792,3.21747,0,-77.6076,19.3686,5,0.086,0.097,0.077
31,veh3,veh1,10,10,0,52.735,3.21747,6.73916,-59.4349,37.5414,10,0.086,0.085,0.077
31,veh3,veh0,10,6,0.4,561.718,3.21747,8.25076,-78.0884,18.8879,6,0.086,0.04,0.077
31,veh2,veh3,10,7,0.3,517.792,0,3.21747,-79.0101,17.9662,7,0.097,0.086,0.077
31,veh2,veh1,10,8,0.2,468.266,0,6.73916,-77.0891,19.8872,8,0.097,0.085,0.077
31,veh2,veh0,10,2,0.8,1017.48,0,8.25076,-80.2676,16.7087,2,0.097,0.04,0.077
31,veh1,veh3,10,9,0.1,52.735,6.73916,3.21747,-58.0161,38.9602,9,0.085,0.086,0.077
31,veh1,veh2,10,7,0.3,468.266,6.73916,0,-77.197,19.7793,7,0.085,0.097,0.077
31,veh1,veh0,10,4,0.6,611.537,6.73916,8.25076,-77.6818,19.2945,4,0.085,0.04,0.077
31,veh0,veh3,10,4,0.6,561.718,8.25076,3.21747,-77.3378,9.91669,4,0.04,0.086,0.077
31,veh0,veh2,10,0,1,1017.48,8.25076,0,nan,nan,0,0.04,0.097,0.077
31,veh0,veh1,10,8,0.2,611.537,8.25076,6.73916,-78.814,8.8615,8,0.04,0.085,0.077
32,veh3,veh2,10,3,0.7,518.505,4.83512,0,-77.8165,19.1598,3,0.08,0.105,0.07925
32,veh3,veh1,10,10,0,53.253,4.83512,7.26885,-57.8116,39.1647,10,0.08,0.087,0.07925
32,veh3,veh0,10,9,0.1,562.145,4.83512,4.80802,-77.1673,19.809,9,0.08,0.045,0.07925
32,veh2,veh3,10,5,0.5,518.505,0,4.83512,-75.0492,21.9271,5,0.105,0.08,0.07925
32,veh2,veh1,10,7,0.3,469.618,0,7.26885,-76.5591,20.4172,7,0.105,0.087,0.07925
32,veh2,veh0,10,2,0.8,1014.1,0,4.80802,-80.7028,16.2735,2,0.105,0.045,0.07925
32,veh1,veh3,10,8,0.2,53.253,7.26885,4.83512,-60.0035,36.9728,8,0.087,0.08,0.07925
32,veh1,veh2,10,4,0.6,469.618,7.26885,0,-78.2916,18.6847,4,0.087,0.105,0.07925
32,veh1,veh0,10,7,0.3,612.934,7.26885,4.80802,-77.2158,19.7604,7,0.087,0.045,0.07925
32,veh0,veh3,10,2,0.8,562.145,4.80802,4.83512,-80.1186,7.64313,2,0.045,0.08,0.07925
32,veh0,veh2,10,3,0.7,1014.1,4.80802,0,-79.9239,5.09837,3,0.045,0.105,0.07925
32,veh0,veh1,10,5,0.5,612.934,4.80802,7.26885,-77.4713,10.7935,5,0.045,0.087,0.07925
33,veh3,veh2,10,6,0.4,518.796,7.09144,2.54493,-77.7101,19.2662,6,0.077,0.112,0.079
33,veh3,veh1,10,10,0,53.2786,7.09144,7.17414,-60.0893,36.887,10,0.077,0.083,0.079
33,veh3,veh0,10,5,0.5,561.367,7.09144,6.62069,-76.0562,20.9201,5,0.077,0.044,0.079
33,veh2,veh3,10,5,0.5,518.796,2.54493,7.09144,-77.5871,19.3892,5,0.112,0.077,0.079
33,veh2,veh1,10,6,0.4,470.119,2.54493,7.17414,-77.8888,19.0874,6,0.112,0.083,0.079
33,veh2,veh0,10,3,0.7,1008.38,2.54493,6.62069,-80.5011,16.4752,3,0.112,0.044,0.079
33,veh1,veh3,10,10,0,53.2786,7.17414,7.09144,-61.1251,35.8512,10,0.083,0.077,0.079
33,veh1,veh2,10,6,0.4,470.119,7.17414,2.54493,-76.1727,20.8035,6,0.083,0.112,0.079
33,veh1,veh0,10,5,0.5,611.91,7.17414,6.62069,-77.1418,19.8345,5,0.083,0.044,0.079
33,veh0,veh3,10,7,0.3,561.367,6.62069,7.09144,-75.9591,14.2455,7,0.044,0.077,0.079
33,veh0,veh2,10,1,0.9,1008.38,6.62069,2.54493,-79.4814,3.47603,1,0.044,0.112,0.079
33,veh0,veh1,10,3,0.7,611.91,6.62069,7.17414,-78.1655,16.9716,3,0.044,0.083,0.079
34,veh3,veh2,10,6,0.4,516.44,8.33989,4.88798,-76.6921,20.2842,6,0.086,0.106,0.08
34,veh3,veh1,10,10,0,53.0425,8.33989,7.2569,-58.8403,38.1359,10,0.086,0.088,0.08
34,veh3,veh0,10,2,0.8,558.487,8.33989,8.53964,-76.55,20.4262,2,0.086,0.04,0.08
34,veh2,veh3,10,6,0.4,516.44,4.88798,8.33989,-74.6011,22.3752,6,0.106,0.086,0.08
34,veh2,veh1,10,7,0.3,467.829,4.88798,7.2569,-76.7202,20.2561,7,0.106,0.088,0.08
34,veh2,veh0,10,3,0.7,997.198,4.88798,8.53964,-78.3613,18.615,3,0.106,0.04,0.08
34,veh1,veh3,10,9,0.1,53.0425,7.2569,8.33989,-61.2641,35.7122,9,0.088,0.086,0.08
34,veh1,veh2,10,6,0.4,467.829,7.2569,4.88798,-77.1652,19.811,6,0.088,0.106,0.08
34,veh1,veh0,10,7,0.3,608.149,7.2569,8.53964,-78.0057,18.9706,7,0.088,0.04,0.08
34,veh0,veh3,10,4,0.6,558.487,8.53964,8.33989,-76.181,6.92241,4,0.04,0.086,0.08
34,veh0,veh2,10,0,1,997.198,8.53964,4.88798,nan,nan,0,0.04,0.106,0.08
34,veh0,veh1,10,6,0.4,608.149,8.53964,7.2569,-78.1827,10.168,6,0.04,0.088,0.08
35,veh3,veh2,10,6,0.4,516.658,8.74604,4.40282,-79.4274,17.5489,6,0.09,0.105,0.081
35,veh3,veh1,10,10,0,52.6865,8.74604,6.91421,-58.3833,38.593,10,0.09,0.08,0.081
35,veh3,veh0,10,6,0.4,553.246,8.74604,10.2618,-76.5933,20.383,6,0.09,0.049,0.081
35,veh2,veh3,10,4,0.6,516.658,4.40282,8.74604,-77.8255,19.1508,4,0.105,0.09,0.081
35,veh2,veh1,10,6,0.4,468.151,4.40282,6.91421,-78.3041,18.6722,6,0.105,0.08,0.081
35,veh2,veh0,10,2,0.8,984.549,4.40282,10.2618,-79.6828,17.2935,2,0.105,0.049,0.081
35,veh1,veh3,10,9,0.1,52.6865,6.91421,8.74604,-58.8982,38.0781,9,0.08,0.09,0.081
35,veh1,veh2,10,2,0.8,468.151,6.91421,4.40282,-77.127,19.8493,2,0.08,0.105,0.081
35,veh1,veh0,10,6,0.4,601.654,6.91421,10.2618,-77.7508,19.2255,6,0.08,0.049,0.081
35,veh0,veh3,10,8,0.2,553.246,10.2618,8.74604,-76.3755,9.82597,8,0.049,0.09,0.081
35,veh0,veh2,10,0,1,984.549,10.2618,4.40282,nan,nan,0,0.049,0.105,0.081
35,veh0,veh1,10,5,0.5,601.654,10.2618,6.91421,-78.7114,12.0364,5,0.049,0.08,0.081
36,veh3,veh2,10,5,0.5,519.866,8.72765,6.9097,-76.0614,20.9149,5,0.072,0.098,0.076
36,veh3,veh1,10,10,0,52.4931,8.72765,7.47332,-57.8347,39.1416,10,0.072,0.082,0.076
36,veh3,veh0,10,7,0.3,545.992,8.72765,12.2754,-78.4873,18.489,7,0.072,0.052,0.076
36,veh2,veh3,10,7,0.3,519.866,6.9097,8.72765,-76.581,20.3953,7,0.098,0.072,0.076
36,veh2,veh1,10,5,0.5,471.661,6.9097,7.47332,-78.4482,18.5281,5,0.098,0.082,0.076
36,veh2,veh0,10,3,0.7,971.783,6.9097,12.2754,-80.8504,16.1259,3,0.098,0.052,0.076
36,veh1,veh3,10,9,0.1,52.4931,7.47332,8.72765,-57.4418,39.5345,9,0.082,0.072,0.076
36,veh1,veh2,10,6,0.4,471.661,7.47332,6.9097,-76.8707,20.1056,6,0.082,0.098,0.076
36,veh1,veh0,10,6,0.4,593.48,7.47332,12.2754,-78.8977,18.0785,6,0.082,0.052,0.076
36,veh0,veh3,10,6,0.4,545.992,12.2754,8.72765,-76.6389,13.5372,6,0.052,0.072,0.076
36,veh0,veh2,10,0,1,971.783,12.2754,6.9097,nan,nan,0,0.052,0.098,0.076
36,veh0,veh1,10,3,0.7,593.48,12.2754,7.47332,-76.1118,11.9273,3,0.052,0.082,0.076
37,veh3,veh2,10,7,0.3,522.618,8.19118,3.79226,-76.8799,20.0963,7,0.091,0.112,0.08475
37,veh3,veh1,10,10,0,52.2547,8.19118,6.60034,-60.2932,36.6831,10,0.091,0.086,0.08475
37,veh3,veh0,10,6,0.4,536.103,8.19118,14.7125,-77.1246,19.8517,6,0.091,0.05,0.08475
37,veh2,veh3,10,7,0.3,522.618,3.79226,8.19118,-78.4558,18.5205,7,0.112,0.091,0.08475
37,veh2,veh1,10,7,0.3,474.462,3.79226,6.60034,-77.4014,19.5748,7,0.112,0.086,0.08475
37,veh2,veh0,10,3,0.7,957.606,3.79226,14.7125,-80.682,16.2943,3,0.112,0.05,0.08475
37,veh1,veh3,10,8,0.2,52.2547,6.60034,8.19118,-58.8408,38.1355,8,0.086,0.091,0.08475
37,veh1,veh2,10,4,0.6,474.462,6.60034,3.79226,-75.617,21.3593,4,0.086,0.112,0.08475
37,veh1,veh0,10,5,0.5,582.444,6.60034,14.7125,-76.412,20.5643,5,0.086,0.05,0.08475
37,veh0,veh3,10,5,0.5,536.103,14.7125,8.19118,-76.786,12.0797,5,0.05,0.091,0.08475
37,veh0,veh2,10,1,0.9,957.606,14.7125,3.79226,-81.1031,15.8732,1,0.05,0.112,0.08475
37,veh0,veh1,10,3,0.7,582.444,14.7125,6.60034,-76.8466,12.8457,3,0.05,0.086,0.08475
38,veh3,veh4,10,8,0.2,687.997,8.51642,0,-78.8236,18.1527,8,0.078,0.093,0.0852
38,veh3,veh2,10,6,0.4,524.804,8.51642,0.248315,-78.1246,18.8517,6,0.078,0.122,0.0852
38,veh3,veh1,10,10,0,52.0174,8.51642,6.50755,-59.7421,37.2342,10,0.078,0.084,0.0852
38,veh3,veh0,10,6,0.4,526.92,8.51642,14.2996,-77.4814,19.4949,6,0.078,0.049,0.0852
38,veh4,veh3,10,6,0.4,687.997,0,8.51642,-78.9512,8.88179,6,0.093,0.078,0.0852
38,veh4,veh2,10,4,0.6,327.721,0,0.248315,-72.256,20.0589,4,0.093,0.122,0.0852
38,veh4,veh1,10,5,0.5,654.184,0,6.50755,-77.0278,12.065,5,0.093,0.084,0.0852
38,veh4,veh0,10,2,0.8,939.585,0,14.2996,-79.7279,15.499,2,0.093,0.049,0.0852
38,veh2,veh3,10,5,0.5,524.804,0.248315,8.51642,-75.5124,21.4639,5,0.122,0.078,0.0852
38,veh2,veh4,10,8,0.2,327.721,0.248315,0,-75.0997,21.8766,8,0.122,0.093,0.0852
38,veh2,veh1,10,7,0.3,476.405,0.248315,6.50755,-77.1571,19.8191,7,0.122,0.084,0.0852
38,veh2,veh0,10,5,0.5,944.618,0.248315,14.2996,-79.4607,17.5156,5,0.122,0.049,0.0852
38,veh1,veh3,10,9,0.1,52.0174,6.50755,8.51642,-59.3734,37.6029,9,0.084,0.078,0.0852
38,veh1,veh4,10,2,0.8,654.184,6.50755,0,-77.9105,19.0658,2,0.084,0.093,0.0852
38,veh1,veh2,10,6,0.4,476.405,6.50755,0.248315,-77.7779,19.1984,6,0.084,0.122,0.0852
38,veh1,veh0,10,8,0.2,571.816,6.50755,14.2996,-78.7438,18.2325,8,0.084,0.049,0.0852
38,veh0,veh3,10,5,0.5,526.92,14.2996,8.51642,-77.9271,11.5336,5,0.049,0.078,0.0852
38,veh0,veh4,10,3,0.7,939.585,14.2996,0,-78.9205,8.6838,3,0.049,0.093,0.0852
38,veh0,veh2,10,2,0.8,944.618,14.2996,0.248315,-79.4075,5.8836,2,0.049,0.122,0.0852
38,veh0,veh1,10,3,0.7,571.816,14.2996,6.50755,-76.8539,9.42532,3,0.049,0.084,0.0852
39,veh3,veh4,10,6,0.4,692.236,8.43912,2.08601,-78.8991,18.0771,6,0.086,0.092,0.0848
39,veh3,veh2,10,5,0.5,527.073,8.43912,0.146447,-76.6878,20.2885,5,0.086,0.105,0.0848
39,veh3,veh1,10,10,0,53.3408,8.43912,5.58603,-58.8555,38.1208,10,0.086,0.088,0.0848
39,veh3,veh0,10,7,0.3,518.022,8.43912,14.0605,-78.2337,18.7426,7,0.086,0.053,0.0848
39,veh4,veh3,10,4,0.6,692.236,2.08601,8.43912,-77.3213,9.73518,4,0.092,0.086,0.0848
39,veh4,veh2,10,7,0.3,325.489,2.08601,0.146447,-74.9472,8.98178,7,0.092,0.105,0.0848
39,veh4,veh1,10,6,0.4,655.296,2.08601,5.58603,-77.3497,11.7922,6,0.092,0.088,0.0848
39,veh4,veh0,10,2,0.8,929.368,2.08601,14.0605,-81.1925,7.81251,2,0.092,0.053,0.0848
39,veh2,veh3,10,5,0.5,527.073,0.146447,8.43912,-77.9376,19.0387,5,0.105,0.086,0.0848
39,veh2,veh4,10,9,0.1,325.489,0.146447,2.08601,-73.592,23.3843,9,0.105,0.092,0.0848
39,veh2,veh1,10,7,0.3,476.535,0.146447,5.58603,-77.0822,19.8941,7,0.105,0.088,0.0848
39,veh2,veh0,10,3,0.7,931.907,0.146447,14.0605,-79.3743,17.602,3,0.105,0.053,0.0848
39,veh1,veh3,10,10,0,53.3408,5.58603,8.43912,-59.0288,37.9475,10,0.088,0.086,0.0848
39,veh1,veh4,10,5,0.5,655.296,5.58603,2.08601,-79.5326,17.4437,5,0.088,0.092,0.0848
39,veh1,veh2,10,6,0.4,476.535,5.58603,0.146447,-77.664,19.3123,6,0.088,0.105,0.0848
39,veh1,veh0,10,7,0.3,561.989,5.58603,14.0605,-76.5821,20.3942,7,0.088,0.053,0.0848
39,veh0,veh3,10,4,0.6,518.022,14.0605,8.43912,-76.0975,13.1883,4,0.053,0.086,0.0848
39,veh0,veh4,10,2,0.8,929.368,14.0605,2.08601,-78.1608,13.8255,2,0.053,0.092,0.0848
39,veh0,veh2,10,1,0.9,931.907,14.0605,0.146447,-78.9521,1.51282,1,0.053,0.105,0.0848
39,veh0,veh1,10,4,0.6,561.989,14.0605,5.58603,-78.4739,12.0229,4,0.053,0.088,0.0848
40,veh3,veh4,10,6,0.4,695.015,8.25183,4.02431,-79.222,17.7543,6,0.09,0.082,0.0862
40,veh3,veh2,10,5,0.5,529.389,8.25183,0.0460566,-76.1612,20.8151,5,0.09,0.111,0.0862
40,veh3,veh1,10,10,0,58.8724,8.25183,5.6651,-61.8669,35.1094,10,0.09,0.093,0.0862
40,veh3,veh0,10,7,0.3,508.763,8.25183,14.4242,-76.8114,20.1649,7,0.09,0.055,0.0862
40,veh4,veh3,10,3,0.7,695.015,4.02431,8.25183,-79.8347,10.0101,3,0.082,0.09,0.0862
40,veh4,veh2,10,6,0.4,321.42,4.02431,0.0460566,-76.2849,9.87037,6,0.082,0.111,0.0862
40,veh4,veh1,10,4,0.6,649.642,4.02431,5.6651,-79.1535,7.89493,4,0.082,0.093,0.0862
40,veh4,veh0,10,0,1,918.49,4.02431,14.4242,nan,nan,0,0.082,0.055,0.0862
40,veh2,veh3,10,8,0.2,529.389,0.0460566,8.25183,-76.8468,20.1295,8,0.111,0.09,0.0862
40,veh2,veh4,10,6,0.4,321.42,0.0460566,4.02431,-76.8485,20.1278,6,0.111,0.082,0.0862
40,veh2,veh1,10,6,0.4,471.905,0.0460566,5.6651,-77.4226,19.5537,6,0.111,0.093,0.0862
40,veh2,veh0,10,3,0.7,918.884,0.0460566,14.4242,-79.696,17.2803,3,0.111,0.055,0.0862
40,veh1,veh3,10,10,0,58.8724,5.6651,8.25183,-61.4067,35.5696,10,0.093,0.09,0.0862
40,veh1,veh4,10,4,0.6,649.642,5.6651,4.02431,-80.2198,16.7565,4,0.093,0.082,0.0862
40,veh1,veh2,10,2,0.8,471.905,5.6651,0.0460566,-71.552,25.4243,2,0.093,0.111,0.0862
40,veh1,veh0,10,5,0.5,552.811,5.6651,14.4242,-74.6065,22.3698,5,0.093,0.055,0.0862
40,veh0,veh3,10,4,0.6,508.763,14.4242,8.25183,-79.8072,12.6819,4,0.055,0.09,0.0862
40,veh0,veh4,10,0,1,918.49,14.4242,4.02431,nan,nan,0,0.055,0.082,0.0862
40,veh0,veh2,10,1,0.9,918.884,14.4242,0.0460566,-80.9073,6.4695,1,0.055,0.111,0.0862
40,veh0,veh1,10,5,0.5,552.811,14.4242,5.6651,-77.7749,13.7714,5,0.055,0.093,0.0862
41,veh3,veh4,10,7,0.3,696.482,8.75848,6.6049,-77.3593,19.617,7,0.082,0.091,0.0872
41,veh3,veh2,10,7,0.3,532.838,8.75848,2.15152,-78.7189,18.2573,7,0.082,0.113,0.0872
41,veh3,veh1,10,10,0,67.2133,8.75848,7.76598,-59.5626,37.4137,10,0.082,0.098,0.0872
41,veh3,veh0,10,6,0.4,500.85,8.75848,13.7529,-76.4617,20.5146,6,0.082,0.052,0.0872
41,veh4,veh3,10,2,0.8,696.482,6.6049,8.75848,-76.5821,11.7145,2,0.091,0.082,0.0872
41,veh4,veh2,10,7,0.3,312.704,6.6049,2.15152,-73.1854,11.377,7,0.091,0.113,0.0872
41,veh4,veh1,10,4,0.6,641.105,6.6049,7.76598,-77.5387,10.5593,4,0.091,0.098,0.0872
41,veh4,veh0,10,3,0.7,907.341,6.6049,13.7529,-80.3199,8.38516,3,0.091,0.052,0.0872
41,veh2,veh3,10,7,0.3,532.838,2.15152,8.75848,-78.4625,18.5138,7,0.113,0.082,0.0872
41,veh2,veh4,10,10,0,312.704,2.15152,6.6049,-72.4718,24.5044,10,0.113,0.091,0.0872
41,veh2,veh1,10,7,0.3,466.31,2.15152,7.76598,-74.6069,22.3694,7,0.113,0.098,0.0872
41,veh2,veh0,10,1,0.9,906.205,2.15152,13.7529,-80.8262,16.1501,1,0.113,0.052,0.0872
41,veh1,veh3,10,8,0.2,67.2133,7.76598,8.75848,-61.5475,35.4288,8,0.098,0.082,0.0872
41,veh1,veh4,10,4,0.6,641.105,7.76598,6.6049,-78.8254,18.1509,4,0.098,0.091,0.0872
41,veh1,veh2,10,7,0.3,466.31,7.76598,2.15152,-76.4569,20.5194,7,0.098,0.113,0.0872
41,veh1,veh0,10,7,0.3,546.578,7.76598,13.7529,-76.0291,20.9472,7,0.098,0.052,0.0872
41,veh0,veh3,10,7,0.3,500.85,13.7529,8.75848,-77.5518,10.161,7,0.052,0.082,0.0872
41,veh0,veh4,10,2,0.8,907.341,13.7529,6.6049,-81.4093,4.14038,2,0.052,0.091,0.0872
41,veh0,veh2,10,3,0.7,906.205,13.7529,2.15152,-79.9247,9.30192,3,0.052,0.113,0.0872
41,veh0,veh1,10,5,0.5,546.578,13.7529,7.76598,-78.5619,9.29604,5,0.052,0.098,0.0872
42,veh3,veh4,10,4,0.6,697.349,8.93686,7.87868,-78.9426,18.0337,4,0.075,0.096,0.0842
42,veh3,veh2,10,6,0.4,538.919,8.93686,4.18115,-78.2177,18.7586,6,0.075,0.108,0.0842
42,veh3,veh1,10,10,0,75.7203,8.93686,7.42493,-63.1376,33.8387,10,0.075,0.085,0.0842
42,veh3,veh0,10,3,0.7,492.084,8.93686,14.5377,-77.2724,19.7039,3,0.075,0.057,0.0842
42,veh4,veh3,10,5,0.5,697.349,7.87868,8.93686,-78.5822,12.771,5,0.096,0.075,0.0842
42,veh4,veh2,10,6,0.4,301.77,7.87868,4.18115,-74.462,13.5764,6,0.096,0.108,0.0842
42,veh4,veh1,10,6,0.4,631.971,7.87868,7.42493,-76.259,11.8109,6,0.096,0.085,0.0842
42,veh4,veh0,10,5,0.5,896.654,7.87868,14.5377,-79.1709,10.2265,5,0.096,0.057,0.0842
42,veh2,veh3,10,8,0.2,538.919,4.18115,8.93686,-79.4457,17.5306,8,0.108,0.075,0.0842
42,veh2,veh4,10,5,0.5,301.77,4.18115,7.87868,-73.6087,23.3676,5,0.108,0.096,0.0842
42,veh2,veh1,10,6,0.4,463.471,4.18115,7.42493,-78.8706,18.1057,6,0.108,0.085,0.0842
42,veh2,veh0,10,2,0.8,895.431,4.18115,14.5377,-78.4693,18.507,2,0.108,0.057,0.0842
42,veh1,veh3,10,10,0,75.7203,7.42493,8.93686,-62.4145,34.5618,10,0.085,0.075,0.0842
42,veh1,veh4,10,5,0.5,631.971,7.42493,7.87868,-76.7138,20.2625,5,0.085,0.096,0.0842
42,veh1,veh2,10,8,0.2,463.471,7.42493,4.18115,-74.4958,22.4805,8,0.085,0.108,0.0842
42,veh1,veh0,10,3,0.7,539.105,7.42493,14.5377,-76.9465,20.0298,3,0.085,0.057,0.0842
42,veh0,veh3,10,6,0.4,492.084,14.5377,8.93686,-78.3682,10.123,6,0.057,0.075,0.0842
42,veh0,veh4,10,3,0.7,896.654,14.5377,7.87868,-78.7574,7.48098,3,0.057,0.096,0.0842
42,veh0,veh2,10,3,0.7,895.431,14.5377,4.18115,-79.8933,6.21567,3,0.057,0.108,0.0842
42,veh0,veh1,10,3,0.7,539.105,14.5377,7.42493,-76.2727,17.1759,3,0.057,0.085,0.0842
43,veh3,veh4,10,4,0.6,697.454,8.40031,8.48222,-78.91,18.0663,4,0.083,0.094,0.0872
43,veh3,veh2,10,6,0.4,547.761,8.40031,6.13557,-78.5878,18.3885,6,0.083,0.111,0.0872
43,veh3,veh1,10,10,0,84.7269,8.40031,7.79749,-65.9772,30.9991,10,0.083,0.091,0.0872
43,veh3,veh0,10,4,0.6,484.016,8.40031,13.5799,-75.6731,21.3032,4,0.083,0.057,0.0872
43,veh4,veh3,10,5,0.5,697.454,8.48222,8.40031,-78.9411,8.47852,5,0.094,0.083,0.0872
43,veh4,veh2,10,8,0.2,291.582,8.48222,6.13557,-71.8371,13.9344,8,0.094,0.111,0.0872
43,veh4,veh1,10,3,0.7,622.228,8.48222,7.79749,-77.1732,9.70784,3,0.094,0.091,0.0872
43,veh4,veh0,10,5,0.5,886.499,8.48222,13.5799,-78.7948,9.92318,5,0.094,0.057,0.0872
43,veh2,veh3,10,3,0.7,547.761,6.13557,8.40031,-77.0554,19.9209,3,0.111,0.083,0.0872
43,veh2,veh4,10,7,0.3,291.582,6.13557,8.48222,-73.8412,23.1351,7,0.111,0.094,0.0872
43,veh2,veh1,10,6,0.4,463.121,6.13557,7.79749,-79.5408,17.4354,6,0.111,0.091,0.0872
43,veh2,veh0,10,2,0.8,889.122,6.13557,13.5799,-79.6394,17.3369,2,0.111,0.057,0.0872
43,veh1,veh3,10,9,0.1,84.7269,7.79749,8.40031,-67.423,29.5533,9,0.091,0.083,0.0872
43,veh1,veh4,10,5,0.5,622.228,7.79749,8.48222,-76.0638,20.9125,5,0.091,0.094,0.0872
43,veh1,veh2,10,4,0.6,463.121,7.79749,6.13557,-76.7756,20.2007,4,0.091,0.111,0.0872
43,veh1,veh0,10,4,0.6,532.957,7.79749,13.5799,-76.608,20.3683,4,0.091,0.057,0.0872
43,veh0,veh3,10,4,0.6,484.016,13.5799,8.40031,-78.1608,13.317,4,0.057,0.083,0.0872
43,veh0,veh4,10,2,0.8,886.499,13.5799,8.48222,-80.0775,4.39865,2,0.057,0.094,0.0872
43,veh0,veh2,10,0,1,889.122,13.5799,6.13557,nan,nan,0,0.057,0.111,0.0872
43,veh0,veh1,10,5,0.5,532.957,13.5799,7.79749,-75.5481,13.4198,5,0.057,0.091,0.0872
44,veh3,veh4,10,5,0.5,698.496,8.20813,7.2978,-76.6948,20.2814,5,0.084,0.091,0.086
44,veh3,veh2,10,7,0.3,559.276,8.20813,8.69448,-76.9246,20.0517,7,0.084,0.112,0.086
44,veh3,veh1,10,9,0.1,94.1699,8.20813,7.74591,-64.2141,32.7622,9,0.084,0.09,0.086
44,veh3,veh0,10,7,0.3,475.668,8.20813,13.5009,-77.1648,19.8114,7,0.084,0.053,0.086
44,veh4,veh3,10,3,0.7,698.496,7.2978,8.20813,-79.175,8.23432,3,0.091,0.084,0.086
44,veh4,veh2,10,7,0.3,284.027,7.2978,8.69448,-73.5752,12.7259,7,0.091,0.112,0.086
44,veh4,veh1,10,5,0.5,613.354,7.2978,7.74591,-78.1417,13.9288,5,0.091,0.09,0.086
44,veh4,veh0,10,2,0.8,876.54,7.2978,13.5009,-80.1852,12.1975,2,0.091,0.053,0.086
44,veh2,veh3,10,5,0.5,559.276,8.69448,8.20813,-76.323,20.6533,5,0.112,0.084,0.086
44,veh2,veh4,10,10,0,284.027,8.69448,7.2978,-76.0323,20.944,10,0.112,0.091,0.086
44,veh2,veh1,10,6,0.4,465.116,8.69448,7.74591,-76.733,20.2432,6,0.112,0.09,0.086
44,veh2,veh0,10,3,0.7,885.946,8.69448,13.5009,-81.6159,15.3604,3,0.112,0.053,0.086
44,veh1,veh3,10,9,0.1,94.1699,7.74591,8.20813,-66.3348,30.6415,9,0.09,0.084,0.086
44,veh1,veh4,10,4,0.6,613.354,7.74591,7.2978,-76.6863,20.29,4,0.09,0.091,0.086
44,veh1,veh2,10,5,0.5,465.116,7.74591,8.69448,-75.6592,21.3171,5,0.09,0.112,0.086
44,veh1,veh0,10,7,0.3,526.833,7.74591,13.5009,-76.627,20.3493,7,0.09,0.053,0.086
44,veh0,veh3,10,6,0.4,475.668,13.5009,8.20813,-75.8173,15.9758,6,0.053,0.084,0.086
44,veh0,veh4,10,2,0.8,876.54,13.5009,7.2978,-79.6826,17.2937,2,0.053,0.091,0.086
44,veh0,veh2,10,1,0.9,885.946,13.5009,8.69448,-80.6745,0.213832,1,0.053,0.112,0.086
44,veh0,veh1,10,7,0.3,526.833,13.5009,7.74591,-76.2365,12.1519,7,0.053,0.09,0.086
45,veh3,veh4,10,4,0.6,700.312,8.52524,8.10561,-77.9578,19.0185,4,0.093,0.092,0.0898
45,veh3,veh2,10,6,0.4,573.917,8.52524,10.4092,-78.4997,18.4766,6,0.093,0.117,0.0898
45,veh3,veh1,10,10,0,105.155,8.52524,7.46378,-67.5051,29.4712,10,0.093,0.087,0.0898
45,veh3,veh0,10,5,0.5,466.314,8.52524,13.8069,-76.8638,20.1125,5,0.093,0.06,0.0898
45,veh4,veh3,10,4,0.6,700.312,8.10561,8.52524,-78.412,13.8057,4,0.092,0.093,0.0898
45,veh4,veh2,10,7,0.3,276.692,8.10561,10.4092,-73.1405,13.7588,7,0.092,0.117,0.0898
45,veh4,veh1,10,5,0.5,604.038,8.10561,7.46378,-78.9467,12.9685,5,0.092,0.087,0.0898
45,veh4,veh0,10,2,0.8,863.741,8.10561,13.8069,-79.4307,10.2703,2,0.092,0.06,0.0898
45,veh2,veh3,10,7,0.3,573.917,10.4092,8.52524,-78.308,18.6683,7,0.117,0.093,0.0898
45,veh2,veh4,10,5,0.5,276.692,10.4092,8.10561,-75.4318,21.5444,5,0.117,0.092,0.0898
45,veh2,veh1,10,7,0.3,468.766,10.4092,7.46378,-76.1976,20.7787,7,0.117,0.087,0.0898
45,veh2,veh0,10,2,0.8,882.754,10.4092,13.8069,-77.7826,19.1937,2,0.117,0.06,0.0898
45,veh1,veh3,10,8,0.2,105.155,7.46378,8.52524,-65.7363,31.24,8,0.087,0.093,0.0898
45,veh1,veh4,10,6,0.4,604.038,7.46378,8.10561,-76.0117,20.9646,6,0.087,0.092,0.0898
45,veh1,veh2,10,3,0.7,468.766,7.46378,10.4092,-77.351,19.6253,3,0.087,0.117,0.0898
45,veh1,veh0,10,8,0.2,519.977,7.46378,13.8069,-77.317,19.6593,8,0.087,0.06,0.0898
45,veh0,veh3,10,7,0.3,466.314,13.8069,8.52524,-73.6283,14.954,7,0.06,0.093,0.0898
45,veh0,veh4,10,2,0.8,863.741,13.8069,8.10561,-78.6168,8.21618,2,0.06,0.092,0.0898
45,veh0,veh2,10,1,0.9,882.754,13.8069,10.4092,-77.8592,19.1171,1,0.06,0.117,0.0898
45,veh0,veh1,10,5,0.5,519.977,13.8069,7.46378,-77.6191,10.4883,5,0.06,0.087,0.0898
46,veh3,veh4,10,4,0.6,701.8,7.84455,7.77785,-79.2024,17.7739,4,0.088,0.085,0.088
46,veh3,veh2,10,6,0.4,590.329,7.84455,12.6017,-77.3603,19.616,6,0.088,0.109,0.088
46,veh3,veh1,10,9,0.1,115.42,7.84455,6.882,-68.6053,28.371,9,0.088,0.094,0.088
46,veh3,veh0,10,6,0.4,456.725,7.84455,13.8087,-78.449,18.5273,6,0.088,0.064,0.088
46,veh4,veh3,10,4,0.6,701.8,7.77785,7.84455,-78.4649,11.3311,4,0.085,0.088,0.088
46,veh4,veh2,10,9,0.1,270.42,7.77785,12.6017,-71.3917,13.454,9,0.085,0.109,0.088
46,veh4,veh1,10,7,0.3,595.2,7.77785,6.882,-77.0617,12.7354,7,0.085,0.094,0.088
46,veh4,veh0,10,1,0.9,852.274,7.77785,13.8087,-78.6636,9.92599,1,0.085,0.064,0.088
46,veh2,veh3,10,5,0.5,590.329,12.6017,7.84455,-76.3068,20.6695,5,0.109,0.088,0.088
46,veh2,veh4,10,10,0,270.42,12.6017,7.77785,-75.201,21.7753,10,0.109,0.085,0.088
46,veh2,veh1,10,6,0.4,474.952,12.6017,6.882,-77.7983,19.1779,6,0.109,0.094,0.088
46,veh2,veh0,10,2,0.8,882.724,12.6017,13.8087,-80.1482,16.8281,2,0.109,0.064,0.088
46,veh1,veh3,10,8,0.2,115.42,6.882,7.84455,-71.4383,25.538,8,0.094,0.088,0.088
46,veh1,veh4,10,2,0.8,595.2,6.882,7.77785,-74.9343,22.042,2,0.094,0.085,0.088
46,veh1,veh2,10,6,0.4,474.952,6.882,12.6017,-76.4852,20.4911,6,0.094,0.109,0.088
46,veh1,veh0,10,7,0.3,512.815,6.882,13.8087,-77.8878,19.0884,7,0.094,0.064,0.088
46,veh0,veh3,10,8,0.2,456.725,13.8087,7.84455,-75.7411,11.9564,8,0.064,0.088,0.088
46,veh0,veh4,10,0,1,852.274,13.8087,7.77785,nan,nan,0,0.064,0.085,0.088
46,veh0,veh2,10,2,0.8,882.724,13.8087,12.6017,-79.3174,12.1129,2,0.064,0.109,0.088
46,veh0,veh1,10,7,0.3,512.815,13.8087,6.882,-77.1791,16.031,7,0.064,0.094,0.088
47,veh5,veh3,10,1,0.9,1145.77,0,8.71888,-78.2649,18.7114,1,0.131,0.083,0.0973333
47,veh5,veh4,10,0,1,802.276,0,7.38207,nan,nan,0,0.131,0.1,0.0973333
47,veh5,veh2,10,0,1,625.417,0,12.8854,nan,nan,0,0.131,0.116,0.0973333
47,veh5,veh1,10,1,0.9,1032.17,0,6.83511,-77.6089,19.3674,1,0.131,0.092,0.0973333
47,veh5,veh0,10,0,1,1494.25,0,14.4712,nan,nan,0,0.131,0.062,0.0973333
47,veh3,veh5,10,1,0.9,1145.77,8.71888,0,-79.2224,17.7539,1,0.083,0.131,0.0973333
47,veh3,veh4,10,4,0.6,704.16,8.71888,7.38207,-76.4392,20.5371,4,0.083,0.1,0.0973333
47,veh3,veh2,10,7,0.3,607.534,8.71888,12.8854,-76.5087,20.4675,7,0.083,0.116,0.0973333
47,veh3,veh1,10,10,0,126.241,8.71888,6.83511,-66.8343,30.142,10,0.083,0.092,0.0973333
47,veh3,veh0,10,4,0.6,447.393,8.71888,14.4712,-75.5018,21.4744,4,0.083,0.062,0.0973333
47,veh4,veh5,10,0,1,802.276,7.38207,0,nan,nan,0,0.1,0.131,0.0973333
47,veh4,veh3,10,4,0.6,704.16,7.38207,8.71888,-79.8614,9.42699,4,0.1,0.083,0.0973333
47,veh4,veh2,10,8,0.2,265.293,7.38207,12.8854,-74.0583,13.3518,8,0.1,0.116,0.0973333
47,veh4,veh1,10,3,0.7,586.532,7.38207,6.83511,-76.8155,12.3267,3,0.1,0.092,0.0973333
47,veh4,veh0,10,1,0.9,839.633,7.38207,14.4712,-80.0927,6.90132,1,0.1,0.062,0.0973333
47,veh2,veh5,10,4,0.6,625.417,12.8854,0,-76.753,20.2233,4,0.116,0.131,0.0973333
47,veh2,veh3,10,6,0.4,607.534,12.8854,8.71888,-78.0297,18.9466,6,0.116,0.083,0.0973333
47,veh2,veh4,10,9,0.1,265.293,12.8854,7.38207,-74.4285,22.5478,9,0.116,0.1,0.0973333
47,veh2,veh1,10,4,0.6,481.437,12.8854,6.83511,-77.0126,19.9637,4,0.116,0.092,0.0973333
47,veh2,veh0,10,3,0.7,882.092,12.8854,14.4712,-80.0691,16.9072,3,0.116,0.062,0.0973333
47,veh1,veh5,10,1,0.9,1032.17,6.83511,0,-80.7632,16.2131,1,0.092,0.131,0.0973333
47,veh1,veh3,10,9,0.1,126.241,6.83511,8.71888,-64.264,32.7123,9,0.092,0.083,0.0973333
47,veh1,veh4,10,3,0.7,586.532,6.83511,7.38207,-73.7581,23.2182,3,0.092,0.1,0.0973333
47,veh1,veh2,10,5,0.5,481.437,6.83511,12.8854,-75.9077,21.0686,5,0.092,0.116,0.0973333
47,veh1,veh0,10,7,0.3,504.992,6.83511,14.4712,-76.1313,20.845,7,0.092,0.062,0.0973333
47,veh0,veh5,10,0,1,1494.25,14.4712,0,nan,nan,0,0.062,0.131,0.0973333
47,veh0,veh3,10,7,0.3,447.393,14.4712,8.71888,-75.1362,16.4439,7,0.062,0.083,0.0973333
47,veh0,veh4,10,1,0.9,839.633,14.4712,7.38207,-74.3133,22.663,1,0.062,0.1,0.0973333
47,veh0,veh2,10,2,0.8,882.092,14.4712,12.8854,-78.4092,2.55967,2,0.062,0.116,0.0973333
47,veh0,veh1,10,3,0.7,504.992,14.4712,6.83511,-78.9648,12.2142,3,0.062,0.092,0.0973333
48,veh5,veh3,10,2,0.8,1148.14,1.77192,7.86363,-78.4842,18.4921,2,0.144,0.084,0.0966667
48,veh5,veh4,10,0,1,796.594,1.77192,8.02708,nan,nan,0,0.144,0.093,0.0966667
48,veh5,veh2,10,1,0.9,613.2,1.77192,12.8515,-77.5569,19.4194,1,0.144,0.108,0.0966667
48,veh5,veh1,10,1,0.9,1025.71,1.77192,6.83019,-75.3441,21.6322,1,0.144,0.1,0.0966667
48,veh5,veh0,10,0,1,1480.79,1.77192,13.8421,nan,nan,0,0.144,0.051,0.0966667
48,veh3,veh5,10,1,0.9,1148.14,7.86363,1.77192,-77.7812,19.1951,1,0.084,0.144,0.0966667
48,veh3,veh4,10,5,0.5,705.368,7.86363,8.02708,-79.8224,17.1539,5,0.084,0.093,0.0966667
48,veh3,veh2,10,6,0.4,624.227,7.86363,12.8515,-76.7981,20.1781,6,0.084,0.108,0.0966667
48,veh3,veh1,10,8,0.2,136.59,7.86363,6.83019,-67.6712,29.3051,8,0.084,0.1,0.0966667
48,veh3,veh0,10,7,0.3,438.553,7.86363,13.8421,-73.2572,23.719,7,0.084,0.051,0.0966667
48,veh4,veh5,10,0,1,796.594,8.02708,1.77192,nan,nan,0,0.093,0.144,0.0966667
48,veh4,veh3,10,4,0.6,705.368,8.02708,7.86363,-79.3056,12.8385,4,0.093,0.084,0.0966667
48,veh4,veh2,10,8,0.2,260.293,8.02708,12.8515,-71.318,12.5055,8,0.093,0.108,0.0966667
48,veh4,veh1,10,5,0.5,577.388,8.02708,6.83019,-78.1444,9.83484,5,0.093,0.1,0.0966667
48,veh4,veh0,10,1,0.9,827.112,8.02708,13.8421,-80.2923,11.9985,1,0.093,0.051,0.0966667
48,veh2,veh5,10,6,0.4,613.2,12.8515,1.77192,-79.933,17.0432,6,0.108,0.144,0.0966667
48,veh2,veh3,10,6,0.4,624.227,12.8515,7.86363,-79.0104,17.9659,6,0.108,0.084,0.0966667
48,veh2,veh4,10,9,0.1,260.293,12.8515,8.02708,-74.2592,22.7171,9,0.108,0.093,0.0966667
48,veh2,veh1,10,8,0.2,487.887,12.8515,6.83019,-75.4943,21.482,8,0.108,0.1,0.0966667
48,veh2,veh0,10,1,0.9,881.891,12.8515,13.8421,-79.972,17.0043,1,0.108,0.051,0.0966667
48,veh1,veh5,10,1,0.9,1025.71,6.83019,1.77192,-81.0654,15.9109,1,0.1,0.144,0.0966667
48,veh1,veh3,10,8,0.2,136.59,6.83019,7.86363,-69.1376,27.8387,8,0.1,0.084,0.0966667
48,veh1,veh4,10,6,0.4,577.388,6.83019,8.02708,-78.5359,18.4404,6,0.1,0.093,0.0966667
48,veh1,veh2,10,5,0.5,487.887,6.83019,12.8515,-77.6454,19.3309,5,0.1,0.108,0.0966667
48,veh1,veh0,10,7,0.3,497.768,6.83019,13.8421,-76.8099,20.1664,7,0.1,0.051,0.0966667
48,veh0,veh5,10,0,1,1480.79,13.8421,1.77192,nan,nan,0,0.051,0.144,0.0966667
48,veh0,veh3,10,6,0.4,438.553,13.8421,7.86363,-74.7185,12.0273,6,0.051,0.084,0.0966667
48,veh0,veh4,10,2,0.8,827.112,13.8421,8.02708,-80.5618,2.76039,2,0.051,0.093,0.0966667
48,veh0,veh2,10,4,0.6,881.891,13.8421,12.8515,-79.6677,6.03982,4,0.051,0.108,0.0966667
48,veh0,veh1,10,6,0.4,497.768,13.8421,6.83019,-75.8985,12.2111,6,0.051,0.1,0.0966667
49,veh5,veh3,10,1,0.9,1150.36,3.64519,5.47332,-77.633,19.3433,1,0.149,0.078,0.0993333
49,veh5,veh4,10,0,1,790.432,3.64519,7.62378,nan,nan,0,0.149,0.097,0.0993333
49,veh5,veh2,10,1,0.9,600.09,3.64519,14.0058,-76.3332,20.6431,1,0.149,0.112,0.0993333
49,veh5,veh1,10,0,1,1020.58,3.64519,5.69792,nan,nan,0,0.149,0.105,0.0993333
49,veh5,veh0,10,1,0.9,1466.92,3.64519,14.2049,-81.7951,15.1812,1,0.149,0.055,0.0993333
49,veh3,veh5,10,0,1,1150.36,5.47332,3.64519,nan,nan,0,0.078,0.149,0.0993333
49,veh3,veh4,10,3,0.7,704.836,5.47332,7.62378,-80.0647,16.9116,3,0.078,0.097,0.0993333
49,veh3,veh2,10,4,0.6,640.809,5.47332,14.0058,-78.6432,18.3331,4,0.078,0.112,0.0993333
49,veh3,veh1,10,10,0,145.088,5.47332,5.69792,-71.3685,25.6078,10,0.078,0.105,0.0993333
49,veh3,veh0,10,8,0.2,428.314,5.47332,14.2049,-75.6212,21.3551,8,0.078,0.055,0.0993333
49,veh4,veh5,10,0,1,790.432,7.62378,3.64519,nan,nan,0,0.097,0.149,0.0993333
49,veh4,veh3,10,3,0.7,704.836,7.62378,5.47332,-76.5357,9.6063,3,0.097,0.078,0.0993333
49,veh4,veh2,10,6,0.4,255.846,7.62378,14.0058,-72.5684,11.7312,6,0.097,0.112,0.0993333
49,veh4,veh1,10,8,0.2,568.253,7.62378,5.69792,-77.2497,13.1396,8,0.097,0.105,0.0993333
49,veh4,veh0,10,4,0.6,814.342,7.62378,14.2049,-76.7391,14.9474,4,0.097,0.055,0.0993333
49,veh2,veh5,10,8,0.2,600.09,14.0058,3.64519,-78.2366,18.7396,8,0.112,0.149,0.0993333
49,veh2,veh3,10,6,0.4,640.809,14.0058,5.47332,-78.1695,18.8068,6,0.112,0.078,0.0993333
49,veh2,veh4,10,8,0.2,255.846,14.0058,7.62378,-71.8851,25.0912,8,0.112,0.097,0.0993333
49,veh2,veh1,10,6,0.4,496.095,14.0058,5.69792,-78.0418,18.9345,6,0.112,0.105,0.0993333
49,veh2,veh0,10,3,0.7,882.26,14.0058,14.2049,-77.9299,19.0464,3,0.112,0.055,0.0993333
49,veh1,veh5,10,2,0.8,1020.58,5.69792,3.64519,-81.4384,15.5379,2,0.105,0.149,0.0993333
49,veh1,veh3,10,9,0.1,145.088,5.69792,5.47332,-67.395,29.5813,9,0.105,0.078,0.0993333
49,veh1,veh4,10,3,0.7,568.253,5.69792,7.62378,-79.1279,17.8484,3,0.105,0.097,0.0993333
49,veh1,veh2,10,7,0.3,496.095,5.69792,14.0058,-77.0414,19.9349,7,0.105,0.112,0.0993333
49,veh1,veh0,10,4,0.6,488.624,5.69792,14.2049,-77.3325,19.6438,4,0.105,0.055,0.0993333
49,veh0,veh5,10,0,1,1466.92,14.2049,3.64519,nan,nan,0,0.055,0.149,0.0993333
49,veh0,veh3,10,4,0.6,428.314,14.2049,5.47332,-76.2637,12.3917,4,0.055,0.078,0.0993333
49,veh0,veh4,10,5,0.5,814.342,14.2049,7.62378,-78.8331,8.59079,5,0.055,0.097,0.0993333
49,veh0,veh2,10,2,0.8,882.26,14.2049,14.0058,-79.167,4.99062,2,0.055,0.112,0.0993333
49,veh0,veh1,10,3,0.7,488.624,14.2049,5.69792,-77.0827,7.19083,3,0.055,0.105,0.0993333
50,veh5,veh3,10,1,0.9,1152.08,6.09789,6.86016,-81.8834,15.0929,1,0.141,0.086,0.100833
50,veh5,veh4,10,0,1,783.072,6.09789,8.13035,nan,nan,0,0.141,0.091,0.100833
50,veh5,veh2,10,0,1,587.083,6.09789,13.162,nan,nan,0,0.141,0.113,0.100833
50,veh5,veh1,10,1,0.9,1018.61,6.09789,5.34166,-78.7549,18.2214,1,0.141,0.103,0.100833
50,veh5,veh0,10,0,1,1452.58,6.09789,14.7016,nan,nan,0,0.141,0.071,0.100833
50,veh3,veh5,10,1,0.9,1152.08,6.86016,6.09789,-79.0918,17.8845,1,0.086,0.141,0.100833
50,veh3,veh4,10,2,0.8,704.09,6.86016,8.13035,-79.5048,17.4714,2,0.086,0.091,0.100833
50,veh3,veh2,10,4,0.6,656.003,6.86016,13.162,-78.8613,18.115,4,0.086,0.113,0.100833
50,veh3,veh1,10,9,0.1,152.916,6.86016,5.34166,-71.73,25.2463,9,0.086,0.103,0.100833
50,veh3,veh0,10,7,0.3,419.624,6.86016,14.7016,-77.3054,19.6709,7,0.086,0.071,0.100833
50,veh4,veh5,10,0,1,783.072,8.13035,6.09789,nan,nan,0,0.091,0.141,0.100833
50,veh4,veh3,10,4,0.6,704.09,8.13035,6.86016,-78.5257,10.1438,4,0.091,0.086,0.100833
50,veh4,veh2,10,8,0.2,251.998,8.13035,13.162,-68.886,12.3612,8,0.091,0.113,0.100833
50,veh4,veh1,10,5,0.5,557.347,8.13035,5.34166,-75.9154,7.66236,5,0.091,0.103,0.100833
50,veh4,veh0,10,3,0.7,801.081,8.13035,14.7016,-79.1922,11.1651,3,0.091,0.071,0.100833
50,veh2,veh5,10,7,0.3,587.083,13.162,6.09789,-76.5909,20.3854,7,0.113,0.141,0.100833
50,veh2,veh3,10,9,0.1,656.003,13.162,6.86016,-77.6187,19.3576,9,0.113,0.086,0.100833
50,veh2,veh4,10,8,0.2,251.998,13.162,8.13035,-72.508,24.4683,8,0.113,0.091,0.100833
50,veh2,veh1,10,10,0,504.362,13.162,5.34166,-76.641,20.3353,10,0.113,0.103,0.100833
50,veh2,veh0,10,4,0.6,881.491,13.162,14.7016,-79.2003,17.776,4,0.113,0.071,0.100833
50,veh1,veh5,10,0,1,1018.61,5.34166,6.09789,nan,nan,0,0.103,0.141,0.100833
50,veh1,veh3,10,8,0.2,152.916,5.34166,6.86016,-68.6344,28.3419,8,0.103,0.086,0.100833
50,veh1,veh4,10,5,0.5,557.347,5.34166,8.13035,-78.8167,18.1596,5,0.103,0.091,0.100833
50,veh1,veh2,10,3,0.7,504.362,5.34166,13.162,-77.0769,19.8994,3,0.103,0.113,0.100833
50,veh1,veh0,10,7,0.3,474.544,5.34166,14.7016,-77.0443,19.932,7,0.103,0.071,0.100833
50,veh0,veh5,10,0,1,1452.58,14.7016,6.09789,nan,nan,0,0.071,0.141,0.100833
50,veh0,veh3,10,9,0.1,419.624,14.7016,6.86016,-74.3738,16.1403,9,0.071,0.086,0.100833
50,veh0,veh4,10,0,1,801.081,14.7016,8.13035,nan,nan,0,0.071,0.091,0.100833
50,veh0,veh2,10,0,1,881.491,14.7016,13.162,nan,nan,0,0.071,0.113,0.100833
50,veh0,veh1,10,4,0.6,474.544,14.7016,5.34166,-76.4359,14.6092,4,0.071,0.103,0.100833
51,veh5,veh3,10,1,0.9,1148,8.05454,6.71262,-79.1791,17.7972,1,0.141,0.085,0.0961667
51,veh5,veh4,10,0,1,775.064,8.05454,8.36363,nan,nan,0,0.141,0.089,0.0961667
51,veh5,veh2,10,1,0.9,574.29,8.05454,12.2505,-77.2856,19.6906,1,0.141,0.11,0.0961667
51,veh5,veh1,10,1,0.9,1019.77,8.05454,5.19806,-80.9652,16.011,1,0.141,0.093,0.0961667
51,veh5,veh0,10,0,1,1439.51,8.05454,13.4863,nan,nan,0,0.141,0.059,0.0961667
51,veh3,veh5,10,2,0.8,1148,6.71262,8.05454,-79.7585,17.2178,2,0.085,0.141,0.0961667
51,veh3,veh4,10,3,0.7,696.062,6.71262,8.36363,-80.7998,16.1765,3,0.085,0.089,0.0961667
51,veh3,veh2,10,5,0.5,663.021,6.71262,12.2505,-77.5353,19.4409,5,0.085,0.11,0.0961667
51,veh3,veh1,10,8,0.2,152.12,6.71262,5.19806,-69.2409,27.7354,8,0.085,0.093,0.0961667
51,veh3,veh0,10,7,0.3,413.363,6.71262,13.4863,-78.155,18.8212,7,0.085,0.059,0.0961667
51,veh4,veh5,10,0,1,775.064,8.36363,8.05454,nan,nan,0,0.089,0.141,0.0961667
51,veh4,veh3,10,3,0.7,696.062,8.36363,6.71262,-80.6143,9.21176,3,0.089,0.085,0.0961667
51,veh4,veh2,10,5,0.5,249.075,8.36363,12.2505,-71.6813,9.75704,5,0.089,0.11,0.0961667
51,veh4,veh1,10,7,0.3,547.38,8.36363,5.19806,-78.3247,10.5511,7,0.089,0.093,0.0961667
51,veh4,veh0,10,5,0.5,788.75,8.36363,13.4863,-79.1272,9.80029,5,0.089,0.059,0.0961667
51,veh2,veh5,10,4,0.6,574.29,12.2505,8.05454,-79.7193,17.257,4,0.11,0.141,0.0961667
51,veh2,veh3,10,4,0.6,663.021,12.2505,6.71262,-77.4721,19.5041,4,0.11,0.085,0.0961667
51,veh2,veh4,10,8,0.2,249.075,12.2505,8.36363,-76.1404,20.8358,8,0.11,0.089,0.0961667
51,veh2,veh1,10,7,0.3,513.975,12.2505,5.19806,-77.4086,19.5677,7,0.11,0.093,0.0961667
51,veh2,veh0,10,3,0.7,881.158,12.2505,13.4863,-78.9359,18.0404,3,0.11,0.059,0.0961667
51,veh1,veh5,10,0,1,1019.77,5.19806,8.05454,nan,nan,0,0.093,0.141,0.0961667
51,veh1,veh3,10,7,0.3,152.12,5.19806,6.71262,-65.3307,31.6456,7,0.093,0.085,0.0961667
51,veh1,veh4,10,2,0.8,547.38,5.19806,8.36363,-73.4741,23.5022,2,0.093,0.089,0.0961667
51,veh1,veh2,10,3,0.7,513.975,5.19806,12.2505,-77.3649,19.6114,3,0.093,0.11,0.0961667
51,veh1,veh0,10,5,0.5,458.69,5.19806,13.4863,-74.9097,22.0666,5,0.093,0.059,0.0961667
51,veh0,veh5,10,0,1,1439.51,13.4863,8.05454,nan,nan,0,0.059,0.141,0.0961667
51,veh0,veh3,10,7,0.3,413.363,13.4863,6.71262,-77.0225,12.8462,7,0.059,0.085,0.0961667
51,veh0,veh4,10,2,0.8,788.75,13.4863,8.36363,-80.4569,14.3276,2,0.059,0.089,0.0961667
51,veh0,veh2,10,0,1,881.158,13.4863,12.2505,nan,nan,0,0.059,0.11,0.0961667
51,veh0,veh1,10,5,0.5,458.69,13.4863,5.19806,-74.977,13.512,5,0.059,0.093,0.0961667
52,veh5,veh3,10,1,0.9,1141.93,10.6509,8.80809,-81.7016,15.2747,1,0.141,0.082,0.0998333
52,veh5,veh4,10,0,1,766.71,10.6509,7.69356,nan,nan,0,0.141,0.095,0.0998333
52,veh5,veh2,10,1,0.9,564.944,10.6509,8.07002,-78.39,18.5863,1,0.141,0.123,0.0998333
52,veh5,veh1,10,0,1,1021.55,10.6509,6.74773,nan,nan,0,0.141,0.091,0.0998333
52,veh5,veh0,10,0,1,1426.44,10.6509,13.428,nan,nan,0,0.141,0.067,0.0998333
52,veh3,veh5,10,2,0.8,1141.93,8.80809,10.6509,-79.9894,16.9869,2,0.082,0.141,0.0998333
52,veh3,veh4,10,2,0.8,685.984,8.80809,7.69356,-78.531,18.4452,2,0.082,0.095,0.0998333
52,veh3,veh2,10,5,0.5,663.37,8.80809,8.07002,-76.9995,19.9768,5,0.082,0.123,0.0998333
52,veh3,veh1,10,9,0.1,150.141,8.80809,6.74773,-69.4215,27.5547,9,0.082,0.091,0.0998333
52,veh3,veh0,10,8,0.2,408.387,8.80809,13.428,-77.3037,19.6726,8,0.082,0.067,0.0998333
52,veh4,veh5,10,0,1,766.71,7.69356,10.6509,nan,nan,0,0.095,0.141,0.0998333
52,veh4,veh3,10,2,0.8,685.984,7.69356,8.80809,-75.6238,7.29472,2,0.095,0.082,0.0998333
52,veh4,veh2,10,9,0.1,245.676,7.69356,8.07002,-69.6089,13.1101,9,0.095,0.123,0.0998333
52,veh4,veh1,10,7,0.3,537.031,7.69356,6.74773,-75.5897,11.4086,7,0.095,0.091,0.0998333
52,veh4,veh0,10,4,0.6,776.286,7.69356,13.428,-77.6133,14.4555,4,0.095,0.067,0.0998333
52,veh2,veh5,10,3,0.7,564.944,8.07002,10.6509,-79.6577,17.3186,3,0.123,0.141,0.0998333
52,veh2,veh3,10,5,0.5,663.37,8.07002,8.80809,-79.6586,17.3176,5,0.123,0.082,0.0998333
52,veh2,veh4,10,8,0.2,245.676,8.07002,7.69356,-74.1394,22.8369,8,0.123,0.095,0.0998333
52,veh2,veh1,10,6,0.4,519.391,8.07002,6.74773,-79.5541,17.4222,6,0.123,0.091,0.0998333
52,veh2,veh0,10,4,0.6,876.538,8.07002,13.428,-79.2887,17.6876,4,0.123,0.067,0.0998333
52,veh1,veh5,10,1,0.9,1021.55,6.74773,10.6509,-80.0305,16.9458,1,0.091,0.141,0.0998333
52,veh1,veh3,10,9,0.1,150.141,6.74773,8.80809,-67.7635,29.2128,9,0.091,0.082,0.0998333
52,veh1,veh4,10,8,0.2,537.031,6.74773,7.69356,-76.5707,20.4056,8,0.091,0.095,0.0998333
52,veh1,veh2,10,5,0.5,519.391,6.74773,8.07002,-75.6348,21.3415,5,0.091,0.123,0.0998333
52,veh1,veh0,10,5,0.5,441.989,6.74773,13.428,-77.1376,19.8387,5,0.091,0.067,0.0998333
52,veh0,veh5,10,0,1,1426.44,13.428,10.6509,nan,nan,0,0.067,0.141,0.0998333
52,veh0,veh3,10,5,0.5,408.387,13.428,8.80809,-74.9649,17.127,5,0.067,0.082,0.0998333
52,veh0,veh4,10,2,0.8,776.286,13.428,7.69356,-79.3821,9.39387,2,0.067,0.095,0.0998333
52,veh0,veh2,10,2,0.8,876.538,13.428,8.07002,-80.2755,10.1653,2,0.067,0.123,0.0998333
52,veh0,veh1,10,3,0.7,441.989,13.428,6.74773,-76.0525,18.5563,3,0.067,0.091,0.0998333
53,veh5,veh3,10,1,0.9,1137.06,10.3474,7.76009,-77.8697,19.1066,1,0.137,0.086,0.101167
53,veh5,veh4,10,0,1,758.392,10.3474,8.4917,nan,nan,0,0.137,0.096,0.101167
53,veh5,veh2,10,0,1,559.937,10.3474,3.65199,nan,nan,0,0.137,0.128,0.101167
53,veh5,veh1,10,0,1,1023.45,10.3474,6.86019,nan,nan,0,0.137,0.091,0.101167
53,veh5,veh0,10,0,1,1413.24,10.3474,13.7812,nan,nan,0,0.137,0.069,0.101167
53,veh3,veh5,10,0,1,1137.06,7.76009,10.3474,nan,nan,0,0.086,0.137,0.101167
53,veh3,veh4,10,5,0.5,675.94,7.76009,8.4917,-76.6721,20.3041,5,0.086,0.096,0.101167
53,veh3,veh2,10,6,0.4,660.479,7.76009,3.65199,-78.7778,18.1984,6,0.086,0.128,0.101167
53,veh3,veh1,10,9,0.1,149.785,7.76009,6.86019,-70.4088,26.5675,9,0.086,0.091,0.101167
53,veh3,veh0,10,5,0.5,402.281,7.76009,13.7812,-77.0501,19.9262,5,0.086,0.069,0.101167
53,veh4,veh5,10,0,1,758.392,8.4917,10.3474,nan,nan,0,0.096,0.137,0.101167
53,veh4,veh3,10,2,0.8,675.94,8.4917,7.76009,-76.8185,13.5867,2,0.096,0.086,0.101167
53,veh4,veh2,10,5,0.5,239.894,8.4917,3.65199,-72.4179,13.0265,5,0.096,0.128,0.101167
53,veh4,veh1,10,4,0.6,526.274,8.4917,6.86019,-76.6597,15.2322,4,0.096,0.091,0.101167
53,veh4,veh0,10,1,0.9,763.351,8.4917,13.7812,-77.0172,5.15981,1,0.096,0.069,0.101167
53,veh2,veh5,10,4,0.6,559.937,3.65199,10.3474,-75.4766,21.4997,4,0.128,0.137,0.101167
53,veh2,veh3,10,5,0.5,660.479,3.65199,7.76009,-77.0885,19.8878,5,0.128,0.086,0.101167
53,veh2,veh4,10,8,0.2,239.894,3.65199,8.4917,-70.1495,26.8268,8,0.128,0.096,0.101167
53,veh2,veh1,10,10,0,520.731,3.65199,6.86019,-78.1635,18.8128,10,0.128,0.091,0.101167
53,veh2,veh0,10,6,0.4,867.194,3.65199,13.7812,-79.8236,17.1527,6,0.128,0.069,0.101167
53,veh1,veh5,10,2,0.8,1023.45,6.86019,10.3474,-80.5455,16.4308,2,0.091,0.137,0.101167
53,veh1,veh3,10,8,0.2,149.785,6.86019,7.76009,-71.2014,25.7749,8,0.091,0.086,0.101167
53,veh1,veh4,10,1,0.9,526.274,6.86019,8.4917,-76.1832,20.7931,1,0.091,0.096,0.101167
53,veh1,veh2,10,6,0.4,520.731,6.86019,3.65199,-75.667,21.3093,6,0.091,0.128,0.101167
53,veh1,veh0,10,8,0.2,424.892,6.86019,13.7812,-75.6889,21.2874,8,0.091,0.069,0.101167
53,veh0,veh5,10,0,1,1413.24,13.7812,10.3474,nan,nan,0,0.069,0.137,0.101167
53,veh0,veh3,10,8,0.2,402.281,13.7812,7.76009,-74.1797,18.0835,8,0.069,0.086,0.101167
53,veh0,veh4,10,5,0.5,763.351,13.7812,8.4917,-78.0002,14.6166,5,0.069,0.096,0.101167
53,veh0,veh2,10,0,1,867.194,13.7812,3.65199,nan,nan,0,0.069,0.128,0.101167
53,veh0,veh1,10,5,0.5,424.892,13.7812,6.86019,-77.1078,16.856,5,0.069,0.091,0.101167
54,veh5,veh3,10,0,1,1132.48,9.60874,7.39608,nan,nan,0,0.142,0.096,0.1005
54,veh5,veh4,10,0,1,751.571,9.60874,8.24423,nan,nan,0,0.142,0.097,0.1005
54,veh5,veh2,10,1,0.9,557.337,9.60874,1.34703,-74.8767,22.0996,1,0.142,0.112,0.1005
54,veh5,veh1,10,3,0.7,1025.28,9.60874,7.0855,-77.9996,18.9767,3,0.142,0.087,0.1005
54,veh5,veh0,10,0,1,1399.83,9.60874,14.0918,nan,nan,0,0.142,0.069,0.1005
54,veh3,veh5,10,1,0.9,1132.48,7.39608,9.60874,-78.0909,18.8854,1,0.096,0.142,0.1005
54,veh3,veh4,10,8,0.2,665.699,7.39608,8.24423,-79.3166,17.6597,8,0.096,0.097,0.1005
54,veh3,veh2,10,6,0.4,655.763,7.39608,1.34703,-77.5768,19.3995,6,0.096,0.112,0.1005
54,veh3,veh1,10,10,0,150.635,7.39608,7.0855,-70.0609,26.9154,10,0.096,0.087,0.1005
54,veh3,veh0,10,9,0.1,395.625,7.39608,14.0918,-75.1961,21.7802,9,0.096,0.069,0.1005
54,veh4,veh5,10,0,1,751.571,8.24423,9.60874,nan,nan,0,0.097,0.142,0.1005
54,veh4,veh3,10,7,0.3,665.699,8.24423,7.39608,-78.6995,8.55036,7,0.097,0.096,0.1005
54,veh4,veh2,10,8,0.2,233.869,8.24423,1.34703,-68.9595,14.9932,8,0.097,0.112,0.1005
54,veh4,veh1,10,4,0.6,515.211,8.24423,7.0855,-78.38,9.81179,4,0.097,0.087,0.1005
54,veh4,veh0,10,4,0.6,749.391,8.24423,14.0918,-78.063,10.1635,4,0.097,0.069,0.1005
54,veh2,veh5,10,9,0.1,557.337,1.34703,9.60874,-76.4458,20.5305,9,0.112,0.142,0.1005
54,veh2,veh3,10,5,0.5,655.763,1.34703,7.39608,-80.9135,16.0628,5,0.112,0.096,0.1005
54,veh2,veh4,10,10,0,233.869,1.34703,8.24423,-71.4188,25.5575,10,0.112,0.097,0.1005
54,veh2,veh1,10,6,0.4,519.925,1.34703,7.0855,-77.0484,19.9278,6,0.112,0.087,0.1005
54,veh2,veh0,10,2,0.8,855.28,1.34703,14.0918,-77.2973,19.679,2,0.112,0.069,0.1005
54,veh1,veh5,10,1,0.9,1025.28,7.0855,9.60874,-80.9563,16.02,1,0.087,0.142,0.1005
54,veh1,veh3,10,8,0.2,150.635,7.0855,7.39608,-70.1584,26.8179,8,0.087,0.096,0.1005
54,veh1,veh4,10,4,0.6,515.211,7.0855,8.24423,-76.8147,20.1616,4,0.087,0.097,0.1005
54,veh1,veh2,10,5,0.5,519.925,7.0855,1.34703,-75.6765,21.2998,5,0.087,0.112,0.1005
54,veh1,veh0,10,7,0.3,407.403,7.0855,14.0918,-77.9985,18.9778,7,0.087,0.069,0.1005
54,veh0,veh5,10,0,1,1399.83,14.0918,9.60874,nan,nan,0,0.069,0.142,0.1005
54,veh0,veh3,10,7,0.3,395.625,14.0918,7.39608,-74.5553,17.0557,7,0.069,0.096,0.1005
54,veh0,veh4,10,2,0.8,749.391,14.0918,8.24423,-80.9819,11.6785,2,0.069,0.097,0.1005
54,veh0,veh2,10,2,0.8,855.28,14.0918,1.34703,-80.704,11.6491,2,0.069,0.112,0.1005
54,veh0,veh1,10,6,0.4,407.403,14.0918,7.0855,-75.7168,18.1532,6,0.069,0.087,0.1005
55,veh5,veh3,10,1,0.9,1125.68,5.10874,8.51332,-81.7306,15.2457,1,0.132,0.092,0.1
55,veh5,veh4,10,0,1,750.193,5.10874,7.97195,nan,nan,0,0.132,0.087,0.1
55,veh5,veh2,10,1,0.9,556.631,5.10874,0.0465623,-73.2294,23.7469,1,0.132,0.13,0.1
55,veh5,veh1,10,0,1,1026.33,5.10874,6.72952,nan,nan,0,0.132,0.097,0.1
55,veh5,veh0,10,0,1,1386.78,5.10874,13.6242,nan,nan,0,0.132,0.062,0.1
55,veh3,veh5,10,2,0.8,1125.68,8.51332,5.10874,-79.1386,17.8377,2,0.092,0.132,0.1
55,veh3,veh4,10,4,0.6,653.554,8.51332,7.97195,-76.5004,20.4759,4,0.092,0.087,0.1
55,veh3,veh2,10,8,0.2,648.91,8.51332,0.0465623,-76.7804,20.1959,8,0.092,0.13,0.1
55,veh3,veh1,10,9,0.1,151.456,8.51332,6.72952,-71.6889,25.2874,9,0.092,0.097,0.1
55,veh3,veh0,10,7,0.3,390.21,8.51332,13.6242,-76.678,20.2983,7,0.092,0.062,0.1
55,veh4,veh5,10,0,1,750.193,7.97195,5.10874,nan,nan,0,0.087,0.132,0.1
55,veh4,veh3,10,3,0.7,653.554,7.97195,8.51332,-75.8437,10.4941,3,0.087,0.092,0.1
55,veh4,veh2,10,6,0.4,230.523,7.97195,0.0465623,-69.6884,10.4773,6,0.087,0.13,0.1
55,veh4,veh1,10,6,0.4,503.286,7.97195,6.72952,-77.9572,11.9108,6,0.087,0.097,0.1
55,veh4,veh0,10,4,0.6,732.935,7.97195,13.6242,-78.0824,12.4256,4,0.087,0.062,0.1
55,veh2,veh5,10,4,0.6,556.631,0.0465623,5.10874,-76.6418,20.3345,4,0.13,0.132,0.1
55,veh2,veh3,10,5,0.5,648.91,0.0465623,8.51332,-79.045,17.9313,5,0.13,0.092,0.1
55,veh2,veh4,10,10,0,230.523,0.0465623,7.97195,-71.0738,25.9024,10,0.13,0.087,0.1
55,veh2,veh1,10,7,0.3,518.062,0.0465623,6.72952,-75.0612,21.9151,7,0.13,0.097,0.1
55,veh2,veh0,10,3,0.7,842.535,0.0465623,13.6242,-78.3764,18.5999,3,0.13,0.062,0.1
55,veh1,veh5,10,0,1,1026.33,6.72952,5.10874,nan,nan,0,0.097,0.132,0.1
55,veh1,veh3,10,9,0.1,151.456,6.72952,8.51332,-71.9384,25.0379,9,0.097,0.092,0.1
55,veh1,veh4,10,8,0.2,503.286,6.72952,7.97195,-76.5667,20.4096,8,0.097,0.087,0.1
55,veh1,veh2,10,7,0.3,518.062,6.72952,0.0465623,-76.9142,20.0621,7,0.097,0.13,0.1
55,veh1,veh0,10,9,0.1,390.6,6.72952,13.6242,-76.3974,20.5789,9,0.097,0.062,0.1
55,veh0,veh5,10,0,1,1386.78,13.6242,5.10874,nan,nan,0,0.062,0.132,0.1
55,veh0,veh3,10,4,0.6,390.21,13.6242,8.51332,-73.9536,19.6456,4,0.062,0.092,0.1
55,veh0,veh4,10,3,0.7,732.935,13.6242,7.97195,-79.2733,12.5592,3,0.062,0.087,0.1
55,veh0,veh2,10,0,1,842.535,13.6242,0.0465623,nan,nan,0,0.062,0.13,0.1
55,veh0,veh1,10,5,0.5,390.6,13.6242,6.72952,-76.5491,15.7605,5,0.062,0.097,0.1
56,veh6,veh5,10,0,1,788.32,0,2.14236,nan,nan,0,0.108,0.137,0.103143
56,veh6,veh3,10,8,0.2,353.091,0,9.95481,-75.0504,13.8068,8,0.108,0.094,0.103143
56,veh6,veh4,10,5,0.5,545.486,0,8.1217,-75.8633,10.5046,5,0.108,0.095,0.103143
56,veh6,veh2,10,8,0.2,418.176,0,0.0170454,-74.7027,9.6048,8,0.108,0.12,0.103143
56,veh6,veh1,10,10,0,329.148,0,7.34157,-72.8277,14.3323,10,0.108,0.102,0.103143
56,veh6,veh0,10,3,0.7,702.63,0,10.3794,-78.5583,10.1764,3,0.108,0.066,0.103143
56,veh5,veh6,10,0,1,788.32,2.14236,0,nan,nan,0,0.137,0.108,0.103143
56,veh5,veh3,10,2,0.8,1117.78,2.14236,9.95481,-80.4008,16.5755,2,0.137,0.094,0.103143
56,veh5,veh4,10,0,1,757.11,2.14236,8.1217,nan,nan,0,0.137,0.095,0.103143
56,veh5,veh2,10,0,1,557.698,2.14236,0.0170454,nan,nan,0,0.137,0.12,0.103143
56,veh5,veh1,10,0,1,1028.12,2.14236,7.34157,nan,nan,0,0.137,0.102,0.103143
56,veh5,veh0,10,0,1,1378.07,2.14236,10.3794,nan,nan,0,0.137,0.066,0.103143
56,veh3,veh6,10,8,0.2,353.091,9.95481,0,-75.7285,21.2478,8,0.094,0.108,0.103143
56,veh3,veh5,10,5,0.5,1117.78,9.95481,2.14236,-80.099,16.8773,5,0.094,0.137,0.103143
56,veh3,veh4,10,3,0.7,641.513,9.95481,8.1217,-79.3418,17.6345,3,0.094,0.095,0.103143
56,veh3,veh2,10,3,0.7,640.815,9.95481,0.0170454,-78.7215,18.2548,3,0.094,0.12,0.103143
56,veh3,veh1,10,10,0,153,9.95481,7.34157,-73.4867,23.4896,10,0.094,0.102,0.103143
56,veh3,veh0,10,6,0.4,388.71,9.95481,10.3794,-75.9573,21.019,6,0.094,0.066,0.103143
56,veh4,veh6,10,7,0.3,545.486,8.1217,0,-77.4564,12.9198,7,0.095,0.108,0.103143
56,veh4,veh5,10,0,1,757.11,8.1217,2.14236,nan,nan,0,0.095,0.137,0.103143
56,veh4,veh3,10,2,0.8,641.513,8.1217,9.95481,-78.1723,17.1049,2,0.095,0.094,0.103143
56,veh4,veh2,10,9,0.1,233.774,8.1217,0.0170454,-71.5314,13.0815,9,0.095,0.12,0.103143
56,veh4,veh1,10,5,0.5,491.683,8.1217,7.34157,-75.8189,15.7388,5,0.095,0.102,0.103143
56,veh4,veh0,10,5,0.5,716.552,8.1217,10.3794,-79.7777,12.146,5,0.095,0.066,0.103143
56,veh2,veh6,10,5,0.5,418.176,0.0170454,0,-73.6965,23.2798,5,0.12,0.108,0.103143
56,veh2,veh5,10,6,0.4,557.698,0.0170454,2.14236,-75.5898,21.3864,6,0.12,0.137,0.103143
56,veh2,veh3,10,4,0.6,640.815,0.0170454,9.95481,-78.2636,18.7127,4,0.12,0.094,0.103143
56,veh2,veh4,10,6,0.4,233.774,0.0170454,8.1217,-72.8267,24.1496,6,0.12,0.095,0.103143
56,veh2,veh1,10,4,0.6,516.094,0.0170454,7.34157,-77.6815,19.2948,4,0.12,0.102,0.103143
56,veh2,veh0,10,6,0.4,832.825,0.0170454,10.3794,-79.8061,17.1702,6,0.12,0.066,0.103143
56,veh1,veh6,10,6,0.4,329.148,7.34157,0,-71.1482,25.8281,6,0.102,0.108,0.103143
56,veh1,veh5,10,0,1,1028.12,7.34157,2.14236,nan,nan,0,0.102,0.137,0.103143
56,veh1,veh3,10,8,0.2,153,7.34157,9.95481,-68.4403,28.536,8,0.102,0.094,0.103143
56,veh1,veh4,10,5,0.5,491.683,7.34157,8.1217,-75.8108,21.1655,5,0.102,0.095,0.103143
56,veh1,veh2,10,5,0.5,516.094,7.34157,0.0170454,-78.6675,18.3088,5,0.102,0.12,0.103143
56,veh1,veh0,10,5,0.5,376.806,7.34157,10.3794,-76.028,20.9483,5,0.102,0.066,0.103143
56,veh0,veh6,10,2,0.8,702.63,10.3794,0,-77.1131,10.4507,2,0.066,0.108,0.103143
56,veh0,veh5,10,0,1,1378.07,10.3794,2.14236,nan,nan,0,0.066,0.137,0.103143
56,veh0,veh3,10,8,0.2,388.71,10.3794,9.95481,-74.6682,12.3935,8,0.066,0.094,0.103143
56,veh0,veh4,10,3,0.7,716.552,10.3794,8.1217,-76.1358,14.2718,3,0.066,0.095,0.103143
56,veh0,veh2,10,3,0.7,832.825,10.3794,0.0170454,-79.2555,10.6873,3,0.066,0.12,0.103143
56,veh0,veh1,10,4,0.6,376.806,10.3794,7.34157,-78.4115,11.4014,4,0.066,0.102,0.103143
57,veh6,veh5,10,0,1,789.685,1.62569,2.96846,nan,nan,0,0.107,0.13,0.101571
57,veh6,veh3,10,8,0.2,341.624,1.62569,11.8804,-71.6879,17.5865,8,0.107,0.088,0.101571
57,veh6,veh4,10,5,0.5,546.71,1.62569,7.64719,-75.0134,12.0733,5,0.107,0.102,0.101571
57,veh6,veh2,10,8,0.2,419.486,1.62569,0,-74.7166,8.14229,8,0.107,0.12,0.101571
57,veh6,veh1,10,9,0.1,334.802,1.62569,7.26415,-74.8757,13.7414,9,0.107,0.095,0.101571
57,veh6,veh0,10,6,0.4,698.667,1.62569,7.73103,-78.1095,11.5292,6,0.107,0.069,0.101571
57,veh5,veh6,10,5,0.5,789.685,2.96846,1.62569,-78.5071,18.4692,5,0.13,0.107,0.101571
57,veh5,veh3,10,2,0.8,1107.73,2.96846,11.8804,-79.3821,17.5942,2,0.13,0.088,0.101571
57,veh5,veh4,10,0,1,766.6,2.96846,7.64719,nan,nan,0,0.13,0.102,0.101571
57,veh5,veh2,10,2,0.8,559.808,2.96846,0,-74.2311,22.7452,2,0.13,0.12,0.101571
57,veh5,veh1,10,3,0.7,1030.04,2.96846,7.26415,-81.0821,15.8942,3,0.13,0.095,0.101571
57,veh5,veh0,10,1,0.9,1373.3,2.96846,7.73103,-81.8082,15.1681,1,0.13,0.069,0.101571
57,veh3,veh6,10,8,0.2,341.624,11.8804,1.62569,-71.732,25.2443,8,0.088,0.107,0.101571
57,veh3,veh5,10,2,0.8,1107.73,11.8804,2.96846,-81.7056,15.2707,2,0.088,0.13,0.101571
57,veh3,veh4,10,6,0.4,630.65,11.8804,7.64719,-78.71,18.2662,6,0.088,0.102,0.101571
57,veh3,veh2,10,5,0.5,631.204,11.8804,0,-79.4382,17.5381,5,0.088,0.12,0.101571
57,veh3,veh1,10,8,0.2,155.044,11.8804,7.26415,-68.6057,28.3706,8,0.088,0.095,0.101571
57,veh3,veh0,10,6,0.4,394.885,11.8804,7.73103,-72.6555,24.3207,6,0.088,0.069,0.101571
57,veh4,veh6,10,3,0.7,546.71,7.64719,1.62569,-76.9966,14.8107,3,0.102,0.107,0.101571
57,veh4,veh5,10,0,1,766.6,7.64719,2.96846,nan,nan,0,0.102,0.13,0.101571
57,veh4,veh3,10,6,0.4,630.65,7.64719,11.8804,-78.1493,8.95015,6,0.102,0.088,0.101571
57,veh4,veh2,10,8,0.2,239.023,7.64719,0,-71.8277,10.5699,8,0.102,0.12,0.101571
57,veh4,veh1,10,2,0.8,481.952,7.64719,7.26415,-74.4735,13.659,2,0.102,0.095,0.101571
57,veh4,veh0,10,4,0.6,702.234,7.64719,7.73103,-77.5563,11.2118,4,0.102,0.069,0.101571
57,veh2,veh6,10,7,0.3,419.486,0,1.62569,-77.0078,19.9685,7,0.12,0.107,0.101571
57,veh2,veh5,10,5,0.5,559.808,0,2.96846,-77.1368,19.8394,5,0.12,0.13,0.101571
57,veh2,veh3,10,6,0.4,631.204,0,11.8804,-77.4901,19.4862,6,0.12,0.088,0.101571
57,veh2,veh4,10,8,0.2,239.023,0,7.64719,-75.0225,21.9538,8,0.12,0.102,0.101571
57,veh2,veh1,10,5,0.5,514.226,0,7.26415,-76.6451,20.3312,5,0.12,0.095,0.101571
57,veh2,veh0,10,3,0.7,825.946,0,7.73103,-79.1193,17.857,3,0.12,0.069,0.101571
57,veh1,veh6,10,3,0.7,334.802,7.26415,1.62569,-74.3406,22.6357,3,0.095,0.107,0.101571
57,veh1,veh5,10,0,1,1030.04,7.26415,2.96846,nan,nan,0,0.095,0.13,0.101571
57,veh1,veh3,10,8,0.2,155.044,7.26415,11.8804,-70.1702,26.8061,8,0.095,0.088,0.101571
57,veh1,veh4,10,7,0.3,481.952,7.26415,7.64719,-79.112,17.8643,7,0.095,0.102,0.101571
57,veh1,veh2,10,1,0.9,514.226,7.26415,0,-74.2644,22.7119,1,0.095,0.12,0.101571
57,veh1,veh0,10,8,0.2,368.093,7.26415,7.73103,-74.7617,22.2146,8,0.095,0.069,0.101571
57,veh0,veh6,10,2,0.8,698.667,7.73103,1.62569,-77.3041,13.7399,2,0.069,0.107,0.101571
57,veh0,veh5,10,0,1,1373.3,7.73103,2.96846,nan,nan,0,0.069,0.13,0.101571
57,veh0,veh3,10,6,0.4,394.885,7.73103,11.8804,-76.6379,10.8636,6,0.069,0.088,0.101571
57,veh0,veh4,10,4,0.6,702.234,7.73103,7.64719,-79.026,12.5326,4,0.069,0.102,0.101571
57,veh0,veh2,10,2,0.8,825.946,7.73103,0,-79.6466,3.14116,2,0.069,0.12,0.101571
57,veh0,veh1,10,4,0.6,368.093,7.73103,7.26415,-75.5905,10.2985,4,0.069,0.095,0.101571
58,veh6,veh5,10,0,1,788.303,4.09862,5.43145,nan,nan,0,0.109,0.14,0.103143
58,veh6,veh3,10,7,0.3,331.414,4.09862,11.2897,-75.3266,8.66739,7,0.109,0.085,0.103143
58,veh6,veh4,10,6,0.4,549.937,4.09862,8.20717,-77.9173,6.76814,6,0.109,0.096,0.103143
58,veh6,veh2,10,7,0.3,422.798,4.09862,0,-75.1923,7.31261,7,0.109,0.118,0.103143
58,veh6,veh1,10,6,0.4,342.304,4.09862,7.3307,-77.2917,9.42046,6,0.109,0.108,0.103143
58,veh6,veh0,10,3,0.7,701.123,4.09862,8.70976,-77.7432,10.2411,3,0.109,0.066,0.103143
58,veh5,veh6,10,1,0.9,788.303,5.43145,4.09862,-79.3876,17.5886,1,0.14,0.109,0.103143
58,veh5,veh3,10,0,1,1095.36,5.43145,11.2897,nan,nan,0,0.14,0.085,0.103143
58,veh5,veh4,10,0,1,775.726,5.43145,8.20717,nan,nan,0,0.14,0.096,0.103143
58,veh5,veh2,10,0,1,560.509,5.43145,0,nan,nan,0,0.14,0.118,0.103143
58,veh5,veh1,10,0,1,1029.65,5.43145,7.3307,nan,nan,0,0.14,0.108,0.103143
58,veh5,veh0,10,1,0.9,1369.64,5.43145,8.70976,-79.2469,17.7293,1,0.14,0.066,0.103143
58,veh3,veh6,10,8,0.2,331.414,11.2897,4.09862,-74.8094,22.1669,8,0.085,0.109,0.103143
58,veh3,veh5,10,2,0.8,1095.36,11.2897,5.43145,-78.4254,18.5509,2,0.085,0.14,0.103143
58,veh3,veh4,10,2,0.8,619.605,11.2897,8.20717,-79.7529,17.2234,2,0.085,0.096,0.103143
58,veh3,veh2,10,4,0.6,622.035,11.2897,0,-79.152,17.8243,4,0.085,0.118,0.103143
58,veh3,veh1,10,10,0,158.517,11.2897,7.3307,-71.3751,25.6012,10,0.085,0.108,0.103143
58,veh3,veh0,10,9,0.1,406.138,11.2897,8.70976,-75.0691,21.9072,9,0.085,0.066,0.103143
58,veh4,veh6,10,2,0.8,549.937,8.20717,4.09862,-73.3287,11.5048,2,0.096,0.109,0.103143
58,veh4,veh5,10,0,1,775.726,8.20717,5.43145,nan,nan,0,0.096,0.14,0.103143
58,veh4,veh3,10,5,0.5,619.605,8.20717,11.2897,-79.3241,8.06594,5,0.096,0.085,0.103143
58,veh4,veh2,10,7,0.3,244.426,8.20717,0,-68.3369,12.6622,7,0.096,0.118,0.103143
58,veh4,veh1,10,8,0.2,471.416,8.20717,7.3307,-75.5938,10.8653,8,0.096,0.108,0.103143
58,veh4,veh0,10,3,0.7,688.214,8.20717,8.70976,-79.2079,9.42809,3,0.096,0.066,0.103143
58,veh2,veh6,10,9,0.1,422.798,0,4.09862,-74.9437,22.0325,9,0.118,0.109,0.103143
58,veh2,veh5,10,6,0.4,560.509,0,5.43145,-76.8835,20.0927,6,0.118,0.14,0.103143
58,veh2,veh3,10,5,0.5,622.035,0,11.2897,-78.2162,18.76,5,0.118,0.085,0.103143
58,veh2,veh4,10,8,0.2,244.426,0,8.20717,-72.5568,24.4195,8,0.118,0.096,0.103143
58,veh2,veh1,10,4,0.6,512.438,0,7.3307,-77.2509,19.7254,4,0.118,0.108,0.103143
58,veh2,veh0,10,7,0.3,821.615,0,8.70976,-79.5019,17.4744,7,0.118,0.066,0.103143
58,veh1,veh6,10,8,0.2,342.304,7.3307,4.09862,-75.072,21.9043,8,0.108,0.109,0.103143
58,veh1,veh5,10,2,0.8,1029.65,7.3307,5.43145,-77.545,19.4312,2,0.108,0.14,0.103143
58,veh1,veh3,10,9,0.1,158.517,7.3307,11.2897,-68.981,27.9953,9,0.108,0.085,0.103143
58,veh1,veh4,10,3,0.7,471.416,7.3307,8.20717,-78.5023,18.474,3,0.108,0.096,0.103143
58,veh1,veh2,10,6,0.4,512.438,7.3307,0,-78.7144,18.2619,6,0.108,0.118,0.103143
58,veh1,veh0,10,3,0.7,363.869,7.3307,8.70976,-76.3244,20.6519,3,0.108,0.066,0.103143
58,veh0,veh6,10,4,0.6,701.123,8.70976,4.09862,-77.9035,12.1461,4,0.066,0.109,0.103143
58,veh0,veh5,10,0,1,1369.64,8.70976,5.43145,nan,nan,0,0.066,0.14,0.103143
58,veh0,veh3,10,6,0.4,406.138,8.70976,11.2897,-74.9294,15.3306,6,0.066,0.085,0.103143
58,veh0,veh4,10,2,0.8,688.214,8.70976,8.20717,-76.7348,11.1778,2,0.066,0.096,0.103143
58,veh0,veh2,10,2,0.8,821.615,8.70976,0,-80.0668,16.9095,2,0.066,0.118,0.103143
58,veh0,veh1,10,6,0.4,363.869,8.70976,7.3307,-73.0466,13.4922,6,0.066,0.108,0.103143
59,veh6,veh5,10,0,1,786.524,5.69744,7.15791,nan,nan,0,0.118,0.147,0.103286
59,veh6,veh3,10,4,0.6,319.544,5.69744,13.5052,-73.2148,18.3259,4,0.118,0.093,0.103286
59,veh6,veh4,10,5,0.5,554.603,5.69744,7.60258,-78.191,8.49354,5,0.118,0.095,0.103286
59,veh6,veh2,10,5,0.5,427.426,5.69744,0,-74.5059,11.5667,5,0.118,0.118,0.103286
59,veh6,veh1,10,6,0.4,350.637,5.69744,6.60895,-75.1495,10.1443,6,0.118,0.089,0.103286
59,veh6,veh0,10,5,0.5,705.668,5.69744,7.75675,-77.486,11.6993,5,0.118,0.063,0.103286
59,veh5,veh6,10,2,0.8,786.524,7.15791,5.69744,-80.0453,16.931,2,0.147,0.118,0.103286
59,veh5,veh3,10,1,0.9,1080.27,7.15791,13.5052,-79.809,17.1673,1,0.147,0.093,0.103286
59,veh5,veh4,10,0,1,784.683,7.15791,7.60258,nan,nan,0,0.147,0.095,0.103286
59,veh5,veh2,10,1,0.9,561.495,7.15791,0,-74.935,22.0413,1,0.147,0.118,0.103286
59,veh5,veh1,10,0,1,1029.13,7.15791,6.60895,nan,nan,0,0.147,0.089,0.103286
59,veh5,veh0,10,0,1,1367.33,7.15791,7.75675,nan,nan,0,0.147,0.063,0.103286
59,veh3,veh6,10,9,0.1,319.544,13.5052,5.69744,-73.5734,23.4029,9,0.093,0.118,0.103286
59,veh3,veh5,10,3,0.7,1080.27,13.5052,7.15791,-79.829,17.1473,3,0.093,0.147,0.103286
59,veh3,veh4,10,2,0.8,607.644,13.5052,7.60258,-79.261,17.7153,2,0.093,0.095,0.103286
59,veh3,veh2,10,9,0.1,610.933,13.5052,0,-77.2744,19.7019,9,0.093,0.118,0.103286
59,veh3,veh1,10,9,0.1,161.848,13.5052,6.60895,-69.664,27.3123,9,0.093,0.089,0.103286
59,veh3,veh0,10,5,0.5,419.491,13.5052,7.75675,-77.7894,19.1869,5,0.093,0.063,0.103286
59,veh4,veh6,10,2,0.8,554.603,7.60258,5.69744,-75.0101,14.0927,2,0.095,0.118,0.103286
59,veh4,veh5,10,0,1,784.683,7.60258,7.15791,nan,nan,0,0.095,0.147,0.103286
59,veh4,veh3,10,5,0.5,607.644,7.60258,13.5052,-77.5669,8.07749,5,0.095,0.093,0.103286
59,veh4,veh2,10,6,0.4,249.327,7.60258,0,-74.5891,9.4827,6,0.095,0.118,0.103286
59,veh4,veh1,10,6,0.4,461.541,7.60258,6.60895,-76.2234,7.6842,6,0.095,0.089,0.103286
59,veh4,veh0,10,3,0.7,676.069,7.60258,7.75675,-77.3491,7.75993,3,0.095,0.063,0.103286
59,veh2,veh6,10,6,0.4,427.426,0,5.69744,-76.413,20.5633,6,0.118,0.118,0.103286
59,veh2,veh5,10,4,0.6,561.495,0,7.15791,-77.515,19.4613,4,0.118,0.147,0.103286
59,veh2,veh3,10,5,0.5,610.933,0,13.5052,-77.076,19.9002,5,0.118,0.093,0.103286
59,veh2,veh4,10,8,0.2,249.327,0,7.60258,-73.0073,23.969,8,0.118,0.095,0.103286
59,veh2,veh1,10,8,0.2,510.91,0,6.60895,-78.8124,18.1639,8,0.118,0.089,0.103286
59,veh2,veh0,10,4,0.6,818.669,0,7.75675,-79.8824,17.0939,4,0.118,0.063,0.103286
59,veh1,veh6,10,5,0.5,350.637,6.60895,5.69744,-76.3553,20.621,5,0.089,0.118,0.103286
59,veh1,veh5,10,0,1,1029.13,6.60895,7.15791,nan,nan,0,0.089,0.147,0.103286
59,veh1,veh3,10,8,0.2,161.848,6.60895,13.5052,-70.3645,26.6118,8,0.089,0.093,0.103286
59,veh1,veh4,10,3,0.7,461.541,6.60895,7.60258,-75.8577,21.1185,3,0.089,0.095,0.103286
59,veh1,veh2,10,2,0.8,510.91,6.60895,0,-75.2529,21.7234,2,0.089,0.118,0.103286
59,veh1,veh0,10,6,0.4,361.049,6.60895,7.75675,-73.175,23.8013,6,0.089,0.063,0.103286
59,veh0,veh6,10,3,0.7,705.668,7.75675,5.69744,-80.0786,14.4675,3,0.063,0.118,0.103286
59,veh0,veh5,10,1,0.9,1367.33,7.75675,7.15791,-80.7998,16.1765,1,0.063,0.147,0.103286
59,veh0,veh3,10,5,0.5,419.491,7.75675,13.5052,-74.3883,20.2056,5,0.063,0.093,0.103286
59,veh0,veh4,10,7,0.3,676.069,7.75675,7.60258,-77.8383,11.485,7,0.063,0.095,0.103286
59,veh0,veh2,10,0,1,818.669,7.75675,0,nan,nan,0,0.063,0.118,0.103286
59,veh0,veh1,10,5,0.5,361.049,7.75675,6.60895,-73.0019,17.4799,5,0.063,0.089,0.103286
