run_id,scenario_id,ns3_seed,ns3_run,sumo_seed,propagation,window_start_s,window_end_s,src,dst,tx,rx_ok,per,dist_m,within_evaluation_radius,v_src_mps,v_dst_mps,rssi_dbm,snr_db,phy_n,cbr_tx,cbr_rx,cbr_global
baseline_det,juelich,12345,1,1,urban,10,11,veh0,veh1,2,0,1,580.342,0,0,2.57775,nan,nan,0,0.002,0.002,0.002
baseline_det,juelich,12345,1,1,urban,10,11,veh1,veh0,2,0,1,580.342,0,2.57775,0,nan,nan,0,0.002,0.002,0.002
baseline_det,juelich,12345,1,1,urban,11,12,veh0,veh1,2,0,1,578.406,0,0,4.58266,nan,nan,0,0.002,0.002,0.002
baseline_det,juelich,12345,1,1,urban,11,12,veh1,veh0,2,0,1,578.406,0,4.58266,0,nan,nan,0,0.002,0.002,0.002
baseline_det,juelich,12345,1,1,urban,12,13,veh0,veh1,2,0,1,575.43,0,0,6.59117,nan,nan,0,0.002,0.002,0.002
baseline_det,juelich,12345,1,1,urban,12,13,veh1,veh0,2,0,1,575.43,0,6.59117,0,nan,nan,0,0.002,0.002,0.002
baseline_det,juelich,12345,1,1,urban,13,14,veh0,veh1,2,0,1,571.635,0,0,7.75398,nan,nan,0,0.002,0.002,0.002
baseline_det,juelich,12345,1,1,urban,13,14,veh1,veh0,2,0,1,571.635,0,7.75398,0,nan,nan,0,0.002,0.002,0.002
baseline_det,juelich,12345,1,1,urban,14,15,veh0,veh1,2,0,1,567.709,0,0,7.78381,nan,nan,0,0.002,0.002,0.002
baseline_det,juelich,12345,1,1,urban,14,15,veh1,veh0,2,0,1,567.709,0,7.78381,0,nan,nan,0,0.002,0.002,0.002
baseline_det,juelich,12345,1,1,urban,15,16,veh0,veh1,2,0,1,563.873,0,0,7.78251,nan,nan,0,0.002,0.002,0.002
baseline_det,juelich,12345,1,1,urban,15,16,veh1,veh0,2,0,1,563.873,0,7.78251,0,nan,nan,0,0.002,0.002,0.002
baseline_det,juelich,12345,1,1,urban,16,17,veh0,veh1,2,0,1,560.125,0,0,7.58567,nan,nan,0,0.002,0.002,0.002
baseline_det,juelich,12345,1,1,urban,16,17,veh1,veh0,2,0,1,560.125,0,7.58567,0,nan,nan,0,0.002,0.002,0.002
baseline_det,juelich,12345,1,1,urban,17,18,veh0,veh1,2,0,1,557.396,0,0,7.07785,nan,nan,0,0.002,0.002,0.002
baseline_det,juelich,12345,1,1,urban,17,18,veh1,veh0,2,0,1,557.396,0,7.07785,0,nan,nan,0,0.002,0.002,0.002
baseline_det,juelich,12345,1,1,urban,18,19,veh0,veh1,2,0,1,559.165,0,0,7.49371,nan,nan,0,0.002,0.002,0.0017037
baseline_det,juelich,12345,1,1,urban,18,19,veh1,veh0,2,0,1,559.165,0,7.49371,0,nan,nan,0,0.002,0.002,0.0017037
baseline_det,juelich,12345,1,1,urban,18,19,veh1,veh2,1,0,1,512.328,0,7.53481,0.979287,nan,nan,0,0.002,0.00111111,0.0017037
baseline_det,juelich,12345,1,1,urban,18,19,veh2,veh1,1,0,1,512.328,0,0.979287,7.53481,nan,nan,0,0.00111111,0.002,0.0017037
baseline_det,juelich,12345,1,1,urban,19,20,veh0,veh1,2,0,1,565.429,0,0,7.75461,nan,nan,0,0.002,0.002,0.002
baseline_det,juelich,12345,1,1,urban,19,20,veh1,veh0,2,0,1,565.429,0,7.75461,0,nan,nan,0,0.002,0.002,0.002
baseline_det,juelich,12345,1,1,urban,19,20,veh1,veh2,2,0,1,506.463,0,7.75461,2.55945,nan,nan,0,0.002,0.002,0.002
baseline_det,juelich,12345,1,1,urban,19,20,veh2,veh1,2,0,1,506.463,0,2.55945,7.75461,nan,nan,0,0.002,0.002,0.002
baseline_det,juelich,12345,1,1,urban,20,21,veh0,veh1,2,0,1,572.386,0,0,7.76629,nan,nan,0,0.002,0.002,0.002
baseline_det,juelich,12345,1,1,urban,20,21,veh1,veh0,2,0,1,572.386,0,7.76629,0,nan,nan,0,0.002,0.002,0.002
baseline_det,juelich,12345,1,1,urban,20,21,veh1,veh2,2,0,1,498.382,1,7.76629,4.48193,nan,nan,0,0.002,0.002,0.002
baseline_det,juelich,12345,1,1,urban,20,21,veh2,veh1,2,0,1,498.382,1,4.48193,7.76629,nan,nan,0,0.002,0.002,0.002
baseline_det,juelich,12345,1,1,urban,21,22,veh0,veh1,2,0,1,579.515,0,0,7.75812,nan,nan,0,0.002,0.002,0.002
baseline_det,juelich,12345,1,1,urban,21,22,veh1,veh0,2,0,1,579.515,0,7.75812,0,nan,nan,0,0.002,0.002,0.002
baseline_det,juelich,12345,1,1,urban,21,22,veh1,veh2,2,0,1,489.142,1,7.75812,4.61604,nan,nan,0,0.002,0.002,0.002
baseline_det,juelich,12345,1,1,urban,21,22,veh2,veh1,2,0,1,489.142,1,4.61604,7.75812,nan,nan,0,0.002,0.002,0.002
baseline_det,juelich,12345,1,1,urban,22,23,veh0,veh1,2,0,1,586.696,0,0,7.82724,nan,nan,0,0.002,0.002,0.002
baseline_det,juelich,12345,1,1,urban,22,23,veh1,veh0,2,0,1,586.696,0,7.82724,0,nan,nan,0,0.002,0.002,0.002
baseline_det,juelich,12345,1,1,urban,22,23,veh1,veh2,2,0,1,477.848,1,7.82724,4.58075,nan,nan,0,0.002,0.002,0.002
baseline_det,juelich,12345,1,1,urban,22,23,veh2,veh1,2,0,1,477.848,1,4.58075,7.82724,nan,nan,0,0.002,0.002,0.002
baseline_det,juelich,12345,1,1,urban,23,24,veh0,veh1,2,0,1,593.487,0,0,6.91568,nan,nan,0,0.002,0.002,0.002
baseline_det,juelich,12345,1,1,urban,23,24,veh1,veh0,2,0,1,593.487,0,6.91568,0,nan,nan,0,0.002,0.002,0.002
baseline_det,juelich,12345,1,1,urban,23,24,veh1,veh2,2,0,1,469.799,1,6.91568,5.67143,nan,nan,0,0.002,0.002,0.002
baseline_det,juelich,12345,1,1,urban,23,24,veh2,veh1,2,0,1,469.799,1,5.67143,6.91568,nan,nan,0,0.002,0.002,0.002
baseline_det,juelich,12345,1,1,urban,24,25,veh0,veh1,2,0,1,600.291,0,0,7.42588,nan,nan,0,0.002,0.002,0.002
baseline_det,juelich,12345,1,1,urban,24,25,veh1,veh0,2,0,1,600.291,0,7.42588,0,nan,nan,0,0.002,0.002,0.002
baseline_det,juelich,12345,1,1,urban,24,25,veh1,veh2,2,0,1,463.775,1,7.42588,5.64883,nan,nan,0,0.002,0.002,0.002
baseline_det,juelich,12345,1,1,urban,24,25,veh2,veh1,2,0,1,463.775,1,5.64883,7.42588,nan,nan,0,0.002,0.002,0.002
baseline_det,juelich,12345,1,1,urban,25,26,veh0,veh1,2,0,1,606.426,0,0,7.41731,nan,nan,0,0.002,0.002,0.002
baseline_det,juelich,12345,1,1,urban,25,26,veh1,veh0,2,0,1,606.426,0,7.41731,0,nan,nan,0,0.002,0.002,0.002
baseline_det,juelich,12345,1,1,urban,25,26,veh1,veh2,2,0,1,460.81,1,7.41731,1.17448,nan,nan,0,0.002,0.002,0.002
baseline_det,juelich,12345,1,1,urban,25,26,veh2,veh1,2,0,1,460.81,1,1.17448,7.41731,nan,nan,0,0.002,0.002,0.002
baseline_det,juelich,12345,1,1,urban,26,27,veh0,veh1,2,0,1,610.14,0,0,7.82029,nan,nan,0,0.002,0.002,0.002
baseline_det,juelich,12345,1,1,urban,26,27,veh1,veh0,2,0,1,610.14,0,7.82029,0,nan,nan,0,0.002,0.002,0.002
baseline_det,juelich,12345,1,1,urban,26,27,veh1,veh2,2,0,1,461.684,1,7.82029,0,nan,nan,0,0.002,0.002,0.002
baseline_det,juelich,12345,1,1,urban,26,27,veh2,veh1,2,0,1,461.684,1,0,7.82029,nan,nan,0,0.002,0.002,0.002
baseline_det,juelich,12345,1,1,urban,27,28,veh0,veh1,2,0,1,613.616,0,0.855873,7.80111,nan,nan,0,0.002,0.003,0.002375
baseline_det,juelich,12345,1,1,urban,27,28,veh0,veh3,1,0,1,563.52,0,1.45672,0.72661,nan,nan,0,0.002,0.0025,0.002375
baseline_det,juelich,12345,1,1,urban,27,28,veh1,veh0,2,0,1,613.616,0,7.80111,0.855873,nan,nan,0,0.003,0.002,0.002375
baseline_det,juelich,12345,1,1,urban,27,28,veh1,veh2,2,0,1,463.107,1,7.80111,0,nan,nan,0,0.003,0.002,0.002375
baseline_det,juelich,12345,1,1,urban,27,28,veh1,veh3,1,1,0,52.954,1,7.76764,0.72661,-65.0113,28.924,1,0.003,0.0025,0.002375
baseline_det,juelich,12345,1,1,urban,27,28,veh2,veh1,2,0,1,463.107,1,0,7.80111,nan,nan,0,0.002,0.003,0.002375
baseline_det,juelich,12345,1,1,urban,27,28,veh2,veh3,1,0,1,512.538,0,0,0.72661,nan,nan,0,0.002,0.0025,0.002375
baseline_det,juelich,12345,1,1,urban,27,28,veh3,veh0,1,0,1,563.52,0,0.72661,1.45672,nan,nan,0,0.0025,0.002,0.002375
baseline_det,juelich,12345,1,1,urban,27,28,veh3,veh1,1,1,0,52.954,1,0.72661,7.76764,-65.0113,31.965,1,0.0025,0.003,0.002375
baseline_det,juelich,12345,1,1,urban,27,28,veh3,veh2,1,0,1,512.538,0,0.72661,0,nan,nan,0,0.0025,0.002,0.002375
baseline_det,juelich,12345,1,1,urban,28,29,veh0,veh1,2,0,1,616.909,0,2.95514,7.80027,nan,nan,0,0.002,0.004,0.003
baseline_det,juelich,12345,1,1,urban,28,29,veh0,veh3,2,0,1,563.934,0,2.95514,2.40957,nan,nan,0,0.002,0.004,0.003
baseline_det,juelich,12345,1,1,urban,28,29,veh1,veh0,2,0,1,616.909,0,7.80027,2.95514,nan,nan,0,0.004,0.002,0.003
baseline_det,juelich,12345,1,1,urban,28,29,veh1,veh2,2,0,1,464.653,1,7.80027,0,nan,nan,0,0.004,0.002,0.003
baseline_det,juelich,12345,1,1,urban,28,29,veh1,veh3,2,2,0,54.0899,1,7.80027,2.40957,-65.2184,28.7233,2,0.004,0.004,0.003
baseline_det,juelich,12345,1,1,urban,28,29,veh2,veh1,2,0,1,464.653,1,0,7.80027,nan,nan,0,0.002,0.004,0.003
baseline_det,juelich,12345,1,1,urban,28,29,veh2,veh3,2,0,1,512.748,0,0,2.40957,nan,nan,0,0.002,0.004,0.003
baseline_det,juelich,12345,1,1,urban,28,29,veh3,veh0,2,0,1,563.934,0,2.40957,2.95514,nan,nan,0,0.004,0.002,0.003
baseline_det,juelich,12345,1,1,urban,28,29,veh3,veh1,2,2,0,54.0899,1,2.40957,7.80027,-65.2184,31.7579,2,0.004,0.004,0.003
baseline_det,juelich,12345,1,1,urban,28,29,veh3,veh2,2,0,1,512.748,0,2.40957,0,nan,nan,0,0.004,0.002,0.003
baseline_det,juelich,12345,1,1,urban,29,30,veh0,veh1,2,0,1,619.952,0,4.81781,7.78187,nan,nan,0,0.002,0.004,0.003
baseline_det,juelich,12345,1,1,urban,29,30,veh0,veh3,2,0,1,565.078,0,4.81781,4.50566,nan,nan,0,0.002,0.004,0.003
baseline_det,juelich,12345,1,1,urban,29,30,veh1,veh0,2,0,1,619.952,0,7.78187,4.81781,nan,nan,0,0.004,0.002,0.003
baseline_det,juelich,12345,1,1,urban,29,30,veh1,veh2,2,0,1,466.326,1,7.78187,0,nan,nan,0,0.004,0.002,0.003
baseline_det,juelich,12345,1,1,urban,29,30,veh1,veh3,2,2,0,55.4513,1,7.78187,4.50566,-65.4614,28.4979,2,0.004,0.004,0.003
baseline_det,juelich,12345,1,1,urban,29,30,veh2,veh1,2,0,1,466.326,1,0,7.78187,nan,nan,0,0.002,0.004,0.003
baseline_det,juelich,12345,1,1,urban,29,30,veh2,veh3,2,0,1,513.322,0,0,4.50566,nan,nan,0,0.002,0.004,0.003
baseline_det,juelich,12345,1,1,urban,29,30,veh3,veh0,2,0,1,565.078,0,4.50566,4.81781,nan,nan,0,0.004,0.002,0.003
baseline_det,juelich,12345,1,1,urban,29,30,veh3,veh1,2,2,0,55.4513,1,4.50566,7.78187,-65.4614,31.5149,2,0.004,0.004,0.003
baseline_det,juelich,12345,1,1,urban,29,30,veh3,veh2,2,0,1,513.322,0,4.50566,0,nan,nan,0,0.004,0.002,0.003
